policy_id,product_code,age_at_valuation,gender,smoker_status,sum_assured,annualised_premium,remaining_term,pv_premiums,pv_claims,pv_expenses,bel,n_years
POL0000001,WL,56.1,M,NS,234000.0,5011.6,42.9,66660.02,82521.24,4431.96,20293.17,43
POL0000002,TERM,67.2,F,NS,1213000.0,2890.44,1.0,2890.44,19670.97,390.26,17170.79,1
POL0000003,TERM,43.5,F,NS,2387000.0,6983.76,16.0,73503.15,91615.97,4288.47,22401.25,16
POL0000004,TERM,56.6,M,NS,2431000.0,14631.96,11.0,93226.05,172506.21,4210.44,83490.59,11
POL0000005,TERM,53.4,F,NS,3444000.0,11018.88,16.0,67121.24,154630.7,4083.57,91593.04,16
POL0000006,WL,49.1,F,NS,323000.0,6468.36,49.9,62413.5,31317.65,4635.65,-26460.19,50
POL0000008,TERM,46.4,M,NS,3941000.0,17491.44,8.0,108342.72,105382.13,4228.18,1267.58,8
POL0000009,TERM,34.4,F,NS,846000.0,3956.64,29.0,38620.5,18910.28,4122.84,-15587.37,29
POL0000010,TERM,36.7,M,S,4552000.0,16365.48,12.0,175981.07,166545.09,6269.28,-3166.73,12
POL0000012,TERM,35.4,F,NS,514000.0,1156.32,25.0,10885.84,10818.18,3365.89,3298.22,25
POL0000013,TERM,29.2,F,S,1800000.0,3846.24,30.0,106026.4,190237.95,5676.99,89888.52,30
POL0000014,TERM,46.9,M,NS,2420000.0,9654.36,4.0,31486.78,28883.48,1781.04,-822.24,4
POL0000015,ENDOW,40.5,F,S,2033000.0,101208.24,2.0,191532.25,8988.53,5014.89,1337380.48,2
POL0000016,ENDOW,43.7,M,S,2498000.0,98706.39,7.0,620722.11,74532.6,15808.83,1352414.53,7
POL0000018,TERM,49.9,F,NS,3759000.0,28646.88,27.0,264392.15,268235.57,9087.63,12931.02,27
POL0000019,TERM,40.1,M,NS,3909000.0,19562.38,3.0,48696.87,21006.38,1963.1,-25727.38,3
POL0000020,TERM,40.8,F,S,2947000.0,20112.48,26.0,281463.06,253577.52,9498.94,-18386.61,26
POL0000021,TERM,40.2,F,NS,3348000.0,12450.13,5.0,57072.57,27559.37,2567.89,-26945.32,5
POL0000022,WL,50.4,M,S,1934000.0,46407.0,48.6,646003.05,644463.35,17702.74,16163.0,49
POL0000023,TERM,23.9,F,NS,2701000.0,19464.6,4.0,67927.72,4850.59,2623.47,-60453.67,4
POL0000024,WL,65.4,F,NS,511000.0,11369.0,33.6,68489.27,73911.32,4198.15,9620.16,34
POL0000025,TERM,50.8,F,NS,4613000.0,17106.48,4.0,52341.34,56051.51,2260.47,5970.64,4
POL0000027,TERM,45.1,M,NS,341000.0,1753.56,6.0,6993.74,4865.14,1593.42,-535.2,6
POL0000028,ENDOW,43.6,M,NS,2416000.0,119047.2,8.0,739572.45,50382.17,18683.16,684025.73,8
POL0000029,WL,39.4,F,NS,1297000.0,15689.16,59.6,160089.75,68450.53,7061.54,-84577.69,60
POL0000030,TERM,34.1,M,NS,1555000.0,11659.53,9.0,68183.34,15114.45,3464.38,-49604.49,9
POL0000032,WL,57.1,M,NS,1875000.0,45718.56,41.9,595186.95,679710.07,16432.55,100955.69,42
POL0000033,WL,28.7,F,NS,235000.0,2953.8,70.3,31125.09,6200.41,4244.17,-20680.49,71
POL0000034,WL,60.2,F,NS,1219000.0,14379.33,38.8,91065.3,126299.85,4933.91,40168.47,39
POL0000035,WL,43.6,F,NS,1537000.0,23766.48,55.4,238080.85,103871.56,8772.63,-125436.71,56
POL0000037,ENDOW,39.6,M,NS,1785000.0,54208.8,6.0,240034.3,17523.52,6945.53,650039.29,6
POL0000038,TERM,42.2,M,NS,3928000.0,31354.08,10.0,232906.37,97792.45,7346.68,-127767.23,10
POL0000039,ENDOW,50.1,F,NS,2696000.0,100358.16,4.0,307069.69,32758.48,8120.4,1066629.37,4
POL0000040,WL,53.7,M,S,1232000.0,16728.46,45.3,219132.91,446022.88,7874.79,234764.72,46
POL0000041,ENDOW,56.2,F,NS,645000.0,29112.72,8.0,178255.59,31922.9,5810.39,205853.96,8
POL0000042,TERM,36.2,F,S,3579000.0,20290.29,8.0,95665.95,34673.55,3951.52,-57040.9,8
POL0000043,WL,42.6,M,S,1961000.0,42673.8,56.4,679132.49,518211.33,18681.58,-142239.59,57
POL0000044,ENDOW,47.0,M,NS,2825000.0,127832.88,15.0,977881.23,116268.84,24839.84,-248955.77,15
POL0000045,TERM,41.4,M,NS,3210000.0,14293.2,14.0,106786.32,82035.57,4885.76,-19864.96,14
POL0000046,TERM,50.2,M,NS,2872000.0,16909.44,7.0,93530.79,92570.53,3732.75,2772.52,7
POL0000047,WL,66.5,M,NS,1050000.0,24460.84,32.5,375845.29,895128.85,11024.25,530307.79,33
POL0000048,TERM,58.1,F,NS,453000.0,1057.03,10.0,6404.9,27948.76,2120.75,23664.62,10
POL0000049,TERM,34.4,F,S,1924000.0,10784.16,11.0,59171.18,20158.98,3508.01,-35504.19,11
POL0000050,ENDOW,41.9,F,NS,1194000.0,36204.24,10.0,225596.45,17096.66,7190.94,207869.6,10
POL0000051,TERM,30.0,F,NS,4211000.0,11999.56,24.0,112339.95,52802.12,5660.47,-53877.38,24
POL0000052,TERM,47.0,M,S,4545000.0,15439.92,7.0,75436.59,141909.18,3316.35,69788.92,7
POL0000053,TERM,47.1,M,NS,3281000.0,21580.56,13.0,124662.06,98323.48,5183.32,-21155.25,13
POL0000054,ENDOW,61.3,M,NS,1539000.0,73277.51,9.0,478289.68,165886.76,12759.15,422060.28,9
POL0000055,WL,57.4,M,NS,1280000.0,19306.08,41.6,122778.66,128309.72,5681.43,11212.48,42
POL0000056,TERM,48.7,F,S,3545000.0,27972.96,11.0,220860.76,181040.42,7164.49,-32655.88,11
POL0000057,WL,46.3,F,NS,273000.0,4532.16,52.7,44632.25,22137.03,4300.89,-18194.3,53
POL0000058,ENDOW,43.0,M,NS,171000.0,7642.16,5.0,34966.24,2163.73,2058.15,98527.07,5
POL0000059,TERM,38.2,F,S,4631000.0,10289.27,14.0,77027.55,103507.04,4210.94,30690.46,14
POL0000060,WL,43.1,F,NS,1492000.0,16015.81,55.9,160438.45,100830.4,7002.27,-52605.84,56
POL0000061,WL,48.8,F,S,1796000.0,24362.52,50.2,368111.07,522668.71,11517.95,166075.58,51
POL0000062,TERM,50.4,F,NS,1019000.0,4128.6,5.0,17325.44,17874.63,1650.06,2199.26,5
POL0000063,TERM,42.7,M,S,3534000.0,15387.84,10.0,137052.55,157366.34,5142.71,25456.47,10
POL0000064,TERM,41.4,M,NS,3209000.0,14512.08,14.0,181856.21,155540.12,6591.55,-19724.51,14
POL0000065,TERM,23.0,F,NS,2695000.0,14942.36,30.0,235532.31,50066.34,8663.89,-176802.05,30
POL0000067,ENDOW,35.1,F,NS,351000.0,20589.84,8.0,111615.97,2502.88,4319.5,39908.5,8
POL0000068,ENDOW,20.9,M,S,243000.0,11052.24,17.0,91357.53,2396.98,4801.73,-37977.92,17
POL0000070,TERM,33.8,M,NS,4222000.0,16613.28,20.0,145711.17,79634.45,6215.48,-59861.24,20
POL0000072,TERM,52.9,M,NS,2992000.0,6069.12,4.0,21012.53,63488.62,1536.55,44012.64,4
POL0000073,WL,44.3,F,NS,936000.0,23184.48,54.7,231010.45,67239.94,8592.26,-155178.31,55
POL0000074,WL,54.8,F,NS,669000.0,6989.4,44.2,64610.23,86563.29,4543.14,26496.16,45
POL0000075,WL,59.3,F,NS,1786000.0,21236.28,39.7,135600.29,172681.27,5991.33,43072.28,40
POL0000076,ENDOW,60.8,M,S,1775000.0,101031.36,13.0,826541.37,356397.99,21028.4,127181.83,13
POL0000078,WL,42.3,F,NS,1465000.0,31316.28,56.7,1203112.92,1446459.42,30708.08,274054.54,57
POL0000080,TERM,37.6,F,NS,3694000.0,15789.32,4.0,51658.17,16234.18,2248.34,-33175.63,4
POL0000081,WL,41.6,F,S,1738000.0,19983.4,57.4,198064.89,132633.69,7822.69,-57608.53,58
POL0000082,TERM,57.8,F,NS,1664000.0,9128.64,11.0,58504.19,102961.45,3428.63,47885.86,11
POL0000083,TERM,49.5,M,NS,898000.0,3625.08,8.0,25879.66,36458.56,2333.81,12912.68,8
POL0000084,WL,55.3,F,NS,412000.0,7014.84,43.7,64192.94,56385.94,4501.13,-3305.93,44
POL0000086,ENDOW,55.2,M,S,1681000.0,93083.52,9.0,613266.66,152535.52,15862.04,366720.69,9
POL0000087,TERM,39.9,M,NS,1551000.0,6869.64,11.0,55098.05,33946.21,3407.1,-17744.73,11
POL0000088,ENDOW,40.2,M,NS,2547000.0,108010.68,1.0,108010.68,5140.09,2819.1,1966922.46,1
POL0000089,ENDOW,59.3,F,NS,772000.0,44930.88,3.0,121143.13,17822.26,3626.03,428349.92,3
POL0000091,WL,64.3,M,NS,282000.0,4180.08,34.7,45780.19,122772.91,3611.12,80603.88,35
POL0000092,WL,57.7,M,NS,1496000.0,18390.6,41.3,405909.06,1335592.19,12107.1,941790.26,42
POL0000093,WL,42.2,F,NS,463000.0,7671.84,56.8,132792.62,98894.89,6384.61,-27513.14,57
POL0000094,TERM,46.3,M,NS,846000.0,3686.52,7.0,23220.37,22407.47,2128.24,1315.35,7
POL0000095,TERM,48.8,F,NS,1779000.0,10795.92,17.0,116872.26,113484.21,5320.44,1932.37,17
POL0000096,ENDOW,50.6,F,NS,942000.0,38612.64,9.0,262382.45,31707.44,7886.13,275620.56,9
POL0000097,WL,55.4,M,NS,1312000.0,21152.52,43.6,188325.99,206506.25,7247.14,25427.4,44
POL0000098,WL,51.7,F,NS,687000.0,14888.88,47.3,227397.94,193657.08,8335.98,-25404.82,48
POL0000100,TERM,65.8,F,NS,3459000.0,15220.92,2.0,28638.73,91784.49,1255.99,64401.75,2
POL0000102,ENDOW,37.9,F,NS,1468000.0,54619.56,15.0,554056.92,31221.64,15187.9,118591.01,15
POL0000103,WL,37.5,M,NS,1728000.0,17474.64,61.5,177724.4,96061.51,7451.8,-74211.12,62
POL0000105,TERM,47.1,M,NS,4436000.0,11848.92,1.0,11848.92,15794.25,597.25,4542.58,1
POL0000107,TERM,55.3,M,S,3959000.0,27425.52,12.0,180252.15,385527.83,6267.42,211543.12,12
POL0000108,ENDOW,38.0,M,NS,333000.0,0.0,20.0,0.0,6207.4,2872.13,27203.95,20
POL0000109,TERM,49.9,F,S,923000.0,6613.08,10.0,48484.3,45718.51,3108.05,342.23,10
POL0000110,TERM,41.5,M,NS,3786000.0,24615.0,26.0,229823.83,171690.87,8334.44,-49798.51,26
POL0000111,WL,48.6,M,S,392000.0,6263.22,50.4,166810.01,367213.52,6849.41,207252.88,51
POL0000112,TERM,56.6,M,NS,4377000.0,14552.64,9.0,96938.24,310967.26,4068.11,218097.12,9
POL0000113,WL,53.8,F,NS,146000.0,2524.8,45.2,23563.74,17850.43,3638.06,-2075.22,46
POL0000115,ENDOW,42.3,F,S,1436000.0,83383.2,4.0,255475.05,12867.62,6934.95,477574.64,4
POL0000116,TERM,37.4,F,NS,2171000.0,6096.48,11.0,49096.6,31016.54,3277.81,-14802.28,11
POL0000117,TERM,54.3,M,NS,4453000.0,11573.29,11.0,61943.42,214188.64,3510.69,155755.95,11
POL0000119,ENDOW,46.0,M,NS,2914000.0,122171.64,1.0,122171.64,9546.5,3146.29,2252101.75,1
POL0000121,TERM,37.5,M,NS,2817000.0,11477.52,7.0,56714.16,27275.72,2905.18,-26533.27,7
POL0000122,WL,46.3,M,NS,1523000.0,34118.04,52.7,1089475.71,1462479.4,27988.15,400991.92,53
POL0000123,ENDOW,39.9,M,NS,64000.0,3226.44,2.0,5976.17,229.07,736.98,40552.28,2
POL0000124,ENDOW,55.5,M,NS,1026000.0,42262.8,2.0,78078.81,13890.41,2397.87,660058.85,2
POL0000126,TERM,52.2,F,NS,3075000.0,12976.2,8.0,69490.51,91253.65,3333.21,25096.34,8
POL0000127,ENDOW,59.6,M,NS,1585000.0,80365.56,4.0,243595.95,53673.17,6649.98,575419.53,4
POL0000128,WL,39.6,M,NS,468000.0,6003.12,59.4,60514.98,29367.14,4746.95,-26400.86,60
POL0000129,TERM,49.7,F,NS,3293000.0,19117.2,2.0,35385.24,20642.42,1414.63,-13328.18,2
POL0000130,ENDOW,38.5,F,S,940000.0,29472.24,12.0,317517.82,30926.39,9501.71,455112.14,12
POL0000133,WL,50.6,M,NS,1945000.0,33539.72,48.4,314332.52,232518.67,10283.96,-71529.83,49
POL0000134,TERM,32.2,M,NS,4660000.0,10303.56,12.0,58632.35,39976.45,3610.87,-15045.04,12
POL0000135,WL,54.1,F,NS,146000.0,1598.64,44.9,10558.01,9886.76,3310.66,2639.37,45
POL0000136,WL,42.1,F,NS,1255000.0,30411.97,56.9,306191.19,79762.79,10343.74,-216084.67,57
POL0000137,TERM,41.4,F,NS,996000.0,5895.48,5.0,24842.86,8125.06,1827.65,-14890.15,5
POL0000138,WL,46.1,M,NS,259000.0,4608.48,52.9,44594.04,24623.06,4239.34,-15731.69,53
POL0000140,TERM,56.7,M,NS,3931000.0,22908.36,10.0,165164.3,315148.64,5745.36,155729.74,10
POL0000141,WL,50.5,F,NS,1634000.0,34393.44,48.5,329341.34,168010.14,10697.18,-150634.05,49
POL0000142,TERM,24.4,M,NS,1436000.0,11109.24,9.0,55825.58,5913.33,3187.59,-46724.66,9
POL0000143,WL,56.3,F,NS,392000.0,6733.08,42.7,43931.58,30668.35,4006.72,-9256.57,43
POL0000144,TERM,49.3,F,NS,3933000.0,27100.08,5.0,104694.52,57729.86,3658.15,-43306.5,5
POL0000145,TERM,52.2,M,NS,3784000.0,13761.72,15.0,82025.9,188452.99,4338.01,110765.08,15
POL0000147,WL,50.4,M,S,981000.0,15804.36,48.6,142547.64,145499.92,6243.33,9195.6,49
POL0000148,TERM,37.1,M,NS,4377000.0,17009.41,10.0,106033.37,59096.61,4456.86,-42479.92,10
POL0000149,ENDOW,44.4,M,NS,626000.0,36607.68,8.0,197148.83,12054.68,6267.24,73925.89,8
POL0000150,TERM,41.0,M,NS,4575000.0,27753.12,5.0,116817.44,48758.57,3938.75,-64120.12,5
POL0000152,ENDOW,42.5,M,NS,313000.0,16405.08,14.0,122393.81,8680.58,5238.86,-34686.93,14
POL0000155,TERM,54.5,M,NS,4725000.0,15819.96,9.0,106006.91,283657.6,4285.51,181936.19,9
POL0000157,WL,56.2,F,S,1880000.0,31242.48,42.8,405088.5,687144.62,12094.88,294150.96,43
POL0000158,WL,33.1,M,S,1031000.0,19320.6,65.9,196250.46,58493.07,7870.03,-129887.33,66
POL0000160,WL,49.7,M,NS,854000.0,12178.7,49.3,184630.98,246344.69,7346.9,69060.58,50
POL0000161,ENDOW,29.3,M,NS,1993000.0,61251.92,4.0,200490.35,6527.28,5671.98,967515.8,4
POL0000162,TERM,50.4,M,NS,251000.0,1925.4,8.0,8986.63,6823.8,1945.21,-217.63,8
POL0000164,WL,66.7,F,NS,927000.0,12072.36,32.3,133245.23,396000.4,5621.15,268376.26,33
POL0000165,WL,47.5,M,NS,1848000.0,23168.4,51.5,222552.13,186167.94,8272.69,-28111.5,52
POL0000166,ENDOW,35.2,M,S,1762000.0,86210.0,4.0,300104.82,13902.34,7960.15,890138.7,4
POL0000167,WL,38.0,M,NS,381000.0,5299.92,61.0,36710.05,9656.5,4222.45,-22831.01,61
POL0000168,TERM,35.0,F,NS,1608000.0,9862.56,27.0,243494.91,147587.2,8718.51,-87189.19,27
POL0000169,TERM,64.9,F,NS,762000.0,4608.96,3.0,12368.59,27468.33,1117.64,16217.38,3
POL0000170,TERM,47.5,M,NS,3740000.0,26099.64,6.0,115054.1,70592.68,4071.11,-40390.3,6
POL0000171,WL,43.4,F,NS,1224000.0,13559.16,55.6,135828.97,82718.77,6441.14,-46669.05,56
POL0000172,TERM,38.8,M,NS,1163000.0,2329.92,4.0,7616.85,7280.6,1234.54,898.29,4
POL0000173,TERM,35.3,F,S,3171000.0,18548.4,27.0,176623.86,102477.42,7185.58,-66960.86,27
POL0000174,ENDOW,51.4,M,NS,711000.0,26671.68,10.0,163451.01,30361.74,5735.97,103121.12,10
POL0000175,ENDOW,38.5,M,NS,2802000.0,128489.16,5.0,541369.89,23551.08,13690.86,1276450.39,5
POL0000176,ENDOW,44.3,F,NS,997000.0,46682.88,19.0,397379.65,34129.6,11870.75,-204288.47,19
POL0000177,WL,39.2,M,NS,418000.0,6978.19,59.8,70344.29,26229.64,4971.1,-39143.56,60
POL0000178,TERM,60.1,M,S,418000.0,2295.0,10.0,11369.84,42505.72,2157.57,33293.43,10
POL0000180,TERM,35.1,M,NS,4770000.0,18133.8,7.0,89668.41,39632.19,3661.7,-46374.52,7
POL0000181,TERM,37.6,M,NS,3256000.0,21684.6,15.0,219175.53,89868.53,7542.25,-121764.77,15
POL0000183,ENDOW,30.1,M,NS,2301000.0,131564.43,17.0,2034057.8,65757.55,49024.17,-61771.19,17
POL0000184,ENDOW,44.3,F,NS,503000.0,16222.0,8.0,100951.45,8813.53,4066.48,195310.82,8
POL0000186,TERM,45.7,F,NS,1284000.0,9707.04,1.0,9707.04,2972.47,547.76,-6186.81,1
POL0000187,TERM,35.9,F,NS,2429000.0,9013.36,4.0,29496.86,9145.92,1738.89,-18612.03,4
POL0000188,TERM,37.9,F,NS,4437000.0,12644.76,24.0,85372.85,64830.3,5022.49,-15520.03,24
POL0000189,TERM,46.9,M,NS,1470000.0,8358.84,3.0,21700.09,13462.65,1340.24,-6897.21,3
POL0000190,TERM,38.3,M,NS,1951000.0,10849.68,4.0,33286.2,11410.03,1825.09,-20051.09,4
POL0000191,TERM,44.3,F,NS,3047000.0,11300.84,16.0,118714.89,127296.16,5315.33,13896.59,16
POL0000192,TERM,56.2,M,NS,1748000.0,3666.23,14.0,26270.22,154079.07,2945.41,130754.27,14
POL0000193,ENDOW,50.8,M,S,1537000.0,65644.68,3.0,184835.72,30912.87,5093.28,1005703.09,3
POL0000194,TERM,30.8,M,NS,4292000.0,22251.24,3.0,63033.13,12675.93,2293.7,-48063.49,3
POL0000195,TERM,42.5,M,NS,3407000.0,14075.4,10.0,87406.55,68707.8,4022.98,-14675.75,10
POL0000196,TERM,46.1,F,NS,1779000.0,8837.4,6.0,35288.11,21347.8,2244.81,-11695.52,6
POL0000197,TERM,27.3,F,NS,3597000.0,14565.08,4.0,44758.22,7199.54,2090.82,-35467.86,4
POL0000198,TERM,41.6,F,S,294000.0,1011.84,25.0,9325.61,14262.44,3262.88,8199.7,25
POL0000199,TERM,23.5,M,NS,1707000.0,3672.12,10.0,23002.19,8621.72,2567.47,-11812.98,10
POL0000200,WL,45.3,M,NS,1541000.0,36109.59,53.7,351841.46,138200.28,11269.65,-202371.57,54
POL0000201,TERM,57.6,F,S,557000.0,1228.2,13.0,10520.35,72814.35,2479.97,64773.93,13
POL0000202,ENDOW,53.7,M,NS,175000.0,6642.36,12.0,44758.39,10475.1,3224.04,14718.91,12
POL0000203,TERM,52.0,F,NS,2147000.0,10769.52,15.0,64853.24,78068.44,3976.52,17191.71,15
POL0000204,TERM,65.8,F,NS,4841000.0,13809.55,3.0,35480.57,182364.78,1648.92,148533.12,3
POL0000205,WL,67.2,M,NS,1150000.0,12515.12,31.8,91921.88,327412.92,4515.28,240006.29,32
POL0000206,TERM,37.5,F,S,4484000.0,17665.2,10.0,110020.62,67554.07,4546.21,-37920.34,10
POL0000208,TERM,29.5,M,NS,4502000.0,28054.8,13.0,164625.4,32790.55,6141.27,-125693.58,13
POL0000209,WL,22.0,M,NS,1759000.0,26037.48,77.0,275744.06,39181.04,9840.92,-226722.24,77
POL0000210,TERM,43.1,M,NS,1383000.0,5986.92,6.0,26461.35,18734.86,2041.82,-5684.67,6
POL0000212,TERM,39.0,F,S,3645000.0,21045.09,9.0,144167.47,64809.62,5195.88,-74161.97,9
POL0000213,ENDOW,43.1,M,NS,1963000.0,69967.44,10.0,434055.29,42971.53,11950.49,283884.97,10
POL0000214,TERM,38.4,F,NS,1532000.0,9573.63,21.0,121148.29,57238.23,5696.71,-58213.38,21
POL0000215,WL,63.5,M,S,1900000.0,32441.76,35.5,240160.82,533688.0,7920.48,301447.66,36
POL0000216,WL,49.5,M,NS,1990000.0,31382.76,49.5,209808.62,113594.76,7937.05,-88276.77,50
POL0000218,TERM,51.5,F,NS,1946000.0,5510.07,7.0,27027.1,46621.29,2212.86,21807.04,7
POL0000220,TERM,29.1,M,S,2787000.0,18876.72,25.0,177127.79,69058.08,7147.05,-100922.69,25
POL0000221,TERM,55.7,F,S,3360000.0,12028.44,4.0,38955.06,95965.91,1945.44,58956.28,4
POL0000222,TERM,41.5,M,NS,835000.0,4686.62,26.0,31586.27,22524.05,3814.21,-5248.0,26
POL0000223,TERM,33.3,M,S,3835000.0,8702.7,15.0,87853.24,112721.24,4544.29,29412.3,15
POL0000224,TERM,45.8,M,NS,1362000.0,3736.68,8.0,20105.52,28493.08,2210.22,10597.76,8
POL0000226,WL,66.9,M,S,1079000.0,25865.76,32.1,141131.57,239065.48,5506.63,103440.53,33
POL0000227,ENDOW,38.0,F,S,1913000.0,104920.28,3.0,284653.45,10758.06,7395.94,1070301.61,3
POL0000228,WL,47.2,F,NS,902000.0,22518.44,51.8,153420.59,36270.36,6765.57,-110384.63,52
POL0000229,TERM,42.9,F,S,2967000.0,18755.28,23.0,244398.62,248234.99,8538.49,12374.88,23
POL0000230,WL,59.0,F,S,1078000.0,21760.26,40.0,135768.14,125354.05,5889.62,-4524.5,41
POL0000231,ENDOW,31.8,F,NS,1366000.0,70621.67,20.0,622287.13,16866.19,17102.09,-390401.3,20
POL0000232,TERM,31.9,M,NS,1251000.0,5041.32,15.0,51241.71,21651.31,3724.1,-25866.28,15
POL0000233,ENDOW,32.4,M,NS,200000.0,11302.0,7.0,55933.77,1331.95,2889.77,37925.47,7
POL0000235,WL,40.6,M,NS,239000.0,5389.32,58.4,37162.47,7029.07,4198.48,-25934.97,59
POL0000237,WL,46.0,F,NS,1918000.0,41662.8,53.0,412774.78,146413.52,12716.75,-253644.57,54
POL0000238,WL,47.2,M,NS,1941000.0,28717.08,51.8,275851.96,195536.82,9488.14,-70826.89,52
POL0000239,ENDOW,60.2,M,NS,824000.0,25486.2,2.0,48017.82,17640.6,1703.56,573311.27,2
POL0000240,WL,52.4,F,NS,245000.0,6108.72,46.6,40771.77,14327.96,4062.04,-22381.84,47
POL0000241,ENDOW,37.5,M,NS,411000.0,12650.79,24.0,172194.94,22205.67,6977.07,-28972.77,24
POL0000242,TERM,50.6,M,NS,2310000.0,15259.8,12.0,128211.18,139546.08,5147.67,16482.54,12
POL0000243,ENDOW,55.6,M,NS,2854000.0,142762.56,2.0,263748.06,38638.62,6678.77,1789520.72,2
POL0000244,WL,21.9,M,NS,1779000.0,30941.38,77.1,624938.67,212113.21,17780.54,-395044.85,78
POL0000245,TERM,50.6,F,NS,4802000.0,36451.68,5.0,140735.78,76883.06,4485.4,-59367.32,5
POL0000246,TERM,46.2,M,NS,4450000.0,22810.08,17.0,183995.3,205794.63,6850.17,28649.52,17
POL0000247,ENDOW,53.5,M,NS,2596000.0,146540.4,8.0,897757.17,125252.87,22283.3,646614.15,8
POL0000248,ENDOW,46.9,F,NS,1386000.0,57980.23,12.0,399087.39,36130.9,11371.0,39466.16,12
POL0000249,ENDOW,58.1,M,NS,1500000.0,85282.39,10.0,433903.09,94485.24,11891.34,-35485.15,10
POL0000250,WL,35.7,M,NS,1185000.0,20242.32,63.3,367394.56,221984.66,11789.84,-133620.1,64
POL0000251,ENDOW,48.3,M,NS,2231000.0,111867.0,13.0,795789.32,94804.34,20511.62,-125254.71,13
POL0000252,ENDOW,50.0,F,NS,2468000.0,103160.04,9.0,702011.7,76182.42,17944.64,703552.04,9
POL0000253,ENDOW,37.9,F,NS,728000.0,35878.8,13.0,421340.51,17349.41,11978.19,185313.81,13
POL0000254,TERM,38.1,F,NS,159000.0,806.76,19.0,9591.44,5117.37,3047.96,-1426.12,19
POL0000255,TERM,40.2,F,NS,2028000.0,4088.94,29.0,39468.04,74109.73,4104.72,38746.4,29
POL0000256,TERM,52.4,M,NS,2919000.0,20626.92,15.0,122945.53,145373.75,5273.77,27702.0,15
POL0000259,WL,50.8,F,NS,1609000.0,17269.61,48.2,268026.85,440133.02,9287.99,181394.16,49
POL0000260,TERM,47.0,M,S,3225000.0,10641.84,1.0,10641.84,15340.93,569.36,5268.44,1
POL0000261,TERM,44.8,F,S,4943000.0,27077.7,12.0,229972.09,201664.55,7492.57,-20814.98,12
POL0000262,ENDOW,61.9,M,S,401000.0,15985.2,6.0,75302.65,38532.64,3109.89,183274.2,6
POL0000264,WL,30.1,M,NS,1491000.0,19830.12,68.9,376380.47,237992.4,12053.78,-126334.31,69
POL0000265,TERM,44.9,F,NS,3284000.0,13892.16,10.0,72905.9,49432.8,3694.9,-19778.17,10
POL0000266,TERM,58.2,M,NS,415000.0,1767.4,9.0,9984.1,28987.81,2067.23,21070.94,9
POL0000267,TERM,50.5,F,NS,3764000.0,16887.48,12.0,115476.28,138387.63,4873.37,27784.7,12
POL0000268,TERM,41.7,M,NS,277000.0,1314.72,2.0,2381.47,1133.69,654.01,-593.77,2
POL0000269,TERM,50.3,M,NS,105000.0,268.92,13.0,1903.53,5271.3,2358.29,5726.04,13
POL0000271,ENDOW,44.7,M,NS,1183000.0,40786.09,7.0,257374.42,26536.12,7492.86,676559.8,7
POL0000272,ENDOW,32.5,M,NS,490000.0,24600.6,20.0,215976.48,8555.96,7821.44,-129753.73,20
POL0000273,ENDOW,57.3,M,NS,72000.0,3616.2,15.0,21133.41,5408.49,2886.39,-6455.7,15
POL0000274,WL,39.2,M,NS,455000.0,10569.0,59.8,183878.34,96709.47,7552.08,-79616.76,60
POL0000275,TERM,19.6,M,S,4093000.0,15150.72,28.0,147597.66,56453.63,6600.1,-84543.96,28
POL0000276,ENDOW,41.6,F,S,2744000.0,110010.84,10.0,576615.87,46514.6,15224.32,83922.46,10
POL0000277,ENDOW,35.6,F,NS,809000.0,32047.44,11.0,211981.02,7782.13,7005.3,60129.75,11
POL0000278,TERM,54.6,F,S,2578000.0,15270.61,13.0,133044.3,264687.13,5310.56,136953.39,13
POL0000279,TERM,70.0,M,NS,1282000.0,6786.0,9.0,30873.86,199822.54,2414.83,171363.51,9
POL0000280,TERM,30.9,M,NS,3310000.0,26067.72,24.0,176525.97,36435.32,7118.65,-132971.98,24
POL0000282,WL,52.0,M,NS,229000.0,3096.12,47.0,28474.21,30610.69,3702.58,5839.13,47
POL0000283,WL,47.5,M,S,1726000.0,27046.08,51.5,397668.72,528131.9,12141.8,142605.02,52
POL0000284,TERM,66.9,F,NS,1003000.0,4291.2,19.0,58918.18,462926.51,3785.84,407794.14,19
POL0000285,WL,38.0,F,NS,1841000.0,42892.32,61.0,298778.68,37130.34,10250.9,-251397.48,61
POL0000288,TERM,44.2,F,NS,658000.0,4399.08,6.0,21584.85,8367.73,1931.32,-11285.79,6
POL0000289,TERM,23.8,M,NS,4826000.0,11026.68,10.0,58258.65,20094.78,3375.07,-34788.78,10
POL0000290,ENDOW,46.7,M,NS,1941000.0,77531.76,3.0,210052.11,18597.41,5677.08,1164076.24,3
POL0000291,TERM,42.2,M,NS,3199000.0,19321.92,5.0,74785.85,33750.0,2973.38,-38062.46,5
POL0000292,TERM,64.8,M,NS,2755000.0,16897.44,6.0,88475.75,277332.65,3415.63,192272.52,6
POL0000293,TERM,57.6,M,NS,378000.0,1610.0,1.0,1610.0,3172.36,360.67,1923.04,1
POL0000294,TERM,37.9,F,NS,3587000.0,11129.57,15.0,68270.7,40005.56,4112.04,-24153.12,15
POL0000295,TERM,35.0,M,S,4589000.0,36222.72,8.0,261315.29,81500.7,7735.72,-172078.89,8
POL0000297,TERM,45.8,F,NS,4691000.0,23216.16,1.0,23216.16,10859.71,859.89,-11496.56,1
POL0000298,WL,58.5,F,S,430000.0,7869.6,40.5,97502.96,165890.76,5007.63,73395.49,41
POL0000300,TERM,56.3,M,S,3536000.0,19593.96,3.0,48354.54,102623.82,1947.7,56216.98,3
POL0000301,TERM,50.0,M,NS,3824000.0,10837.32,5.0,45413.91,79017.14,2293.53,35896.75,5
POL0000302,TERM,45.8,M,S,590000.0,1649.16,14.0,20214.27,55966.48,2867.16,38619.38,14
POL0000304,ENDOW,55.5,F,NS,160000.0,5286.89,2.0,9774.81,1697.93,823.47,105708.3,2
POL0000305,TERM,44.8,F,S,1218000.0,8015.04,19.0,133756.02,146453.93,5817.55,18515.46,19
POL0000306,WL,45.7,F,NS,1649000.0,29682.6,53.3,294080.8,125878.96,10010.24,-158191.62,54
POL0000307,TERM,38.5,M,S,3180000.0,8080.44,10.0,50141.49,67650.88,3169.07,20678.44,10
POL0000308,TERM,54.9,M,NS,2535000.0,5472.72,3.0,15411.7,50100.55,1192.65,35881.5,3
POL0000309,WL,38.3,M,S,1219000.0,29256.96,60.7,1058468.94,1226042.77,27368.0,194941.77,61
POL0000310,TERM,54.0,M,NS,1625000.0,7481.88,4.0,25861.34,40937.55,1646.41,16722.62,4
POL0000311,ENDOW,53.2,M,NS,2835000.0,87278.4,4.0,283494.97,61236.45,7573.12,1388721.95,4
POL0000312,WL,50.0,F,NS,713000.0,8815.55,49.0,59622.08,33344.16,4574.43,-21703.52,50
POL0000313,WL,43.0,F,NS,114000.0,1206.24,56.0,12083.5,7704.17,3619.57,-759.73,56
POL0000314,WL,49.7,M,NS,670000.0,12580.68,49.3,118933.64,75689.61,5856.02,-37388.01,50
POL0000315,WL,52.3,F,S,1791000.0,40884.0,46.7,267111.74,138284.0,9117.03,-119710.71,47
POL0000316,ENDOW,47.6,M,NS,2606000.0,121713.16,8.0,653534.5,64420.65,16716.41,469818.75,8
POL0000317,TERM,51.9,M,S,4873000.0,31395.12,25.0,606282.47,2041844.11,16634.77,1452196.37,25
POL0000318,WL,40.7,M,NS,1819000.0,40359.27,58.3,404874.15,121230.02,12581.09,-271063.13,59
POL0000319,TERM,40.5,F,S,1568000.0,8969.28,14.0,85801.86,56088.18,4403.05,-25310.61,14
POL0000320,ENDOW,47.8,M,NS,1610000.0,90730.2,7.0,570881.8,46365.25,14668.25,705204.75,7
POL0000321,WL,63.0,F,NS,1146000.0,17001.0,36.0,105734.66,136031.86,5185.68,35482.86,37
POL0000322,TERM,41.2,M,NS,3427000.0,13600.4,7.0,75855.73,52284.09,3340.05,-20231.58,7
POL0000323,TERM,35.1,M,NS,4521000.0,0.0,15.0,0.0,76291.84,2548.05,78839.89,15
POL0000324,WL,52.0,F,NS,655000.0,10865.26,47.0,102326.21,75629.1,5464.28,-21232.83,47
POL0000325,WL,48.1,M,NS,1868000.0,31068.96,50.9,478676.46,523077.01,14068.35,58468.91,51
POL0000327,TERM,51.3,F,NS,4286000.0,23243.16,2.0,42067.71,31244.72,1568.58,-9254.41,2
POL0000329,WL,49.7,F,S,1542000.0,35502.36,49.3,235917.96,96261.8,8498.5,-131157.59,50
POL0000330,TERM,64.9,M,NS,339000.0,1641.0,1.0,1641.0,5266.53,361.39,3986.92,1
POL0000331,TERM,29.4,F,S,2766000.0,9270.21,15.0,72273.53,33161.46,4206.45,-34905.6,15
POL0000332,ENDOW,68.2,M,NS,1065000.0,41294.4,2.0,77353.25,45958.77,2376.58,729148.68,2
POL0000334,ENDOW,40.9,M,NS,1365000.0,56798.4,4.0,197728.49,10695.3,5605.9,723758.89,4
POL0000335,TERM,34.7,F,NS,3640000.0,24767.57,15.0,193126.69,43395.76,6966.59,-142764.37,15
POL0000337,TERM,56.1,M,NS,120000.0,417.48,7.0,1797.25,4905.89,1615.23,4723.87,7
POL0000339,TERM,54.3,F,NS,4437000.0,25984.8,2.0,47003.01,42111.0,1682.02,-3209.99,2
POL0000340,TERM,52.1,F,S,1162000.0,6049.69,15.0,45227.74,86890.31,3482.73,45145.28,15
POL0000341,TERM,37.3,F,NS,1311000.0,4960.79,9.0,29017.43,12235.29,2568.39,-14213.77,9
POL0000342,TERM,44.9,M,NS,381000.0,2838.48,7.0,15798.87,7428.6,1961.0,-6409.26,7
POL0000343,TERM,38.2,M,S,1864000.0,7041.36,9.0,40953.71,35987.11,2830.78,-2135.83,9
POL0000344,TERM,36.2,F,NS,938000.0,4617.12,8.0,21808.41,6183.27,2262.15,-13362.99,8
POL0000345,ENDOW,49.5,F,NS,1821000.0,84269.16,16.0,874224.05,116340.95,22517.3,-46373.22,16
POL0000346,TERM,44.4,M,NS,2913000.0,6889.2,5.0,24522.63,33050.73,1817.71,10345.82,5
POL0000347,TERM,49.3,F,NS,3796000.0,26549.98,18.0,296963.77,285263.57,9479.31,-2220.89,18
POL0000348,TERM,34.4,F,NS,4117000.0,31994.52,2.0,59288.43,7620.38,1966.44,-49701.61,2
POL0000349,ENDOW,50.2,F,NS,2926000.0,151397.4,25.0,2014350.56,382848.89,48869.01,-955301.98,25
POL0000350,TERM,59.9,F,NS,1326000.0,5114.95,5.0,19571.6,46840.81,1690.57,28959.77,5
POL0000351,TERM,37.2,F,NS,1463000.0,4375.06,5.0,20070.6,9462.18,1719.1,-8889.33,5
POL0000352,TERM,44.8,M,NS,3344000.0,25545.6,8.0,183548.97,89378.94,5950.63,-88219.38,8
POL0000354,ENDOW,44.6,F,S,2110000.0,83858.04,4.0,256756.21,22247.5,6963.7,818049.62,4
POL0000355,WL,51.6,F,NS,80000.0,1174.92,47.4,7879.06,4344.46,3339.02,-195.56,48
POL0000356,WL,45.5,F,NS,1157000.0,21359.52,53.5,146447.53,39953.95,6649.97,-99843.58,54
POL0000357,TERM,70.4,M,NS,3176000.0,6944.4,15.0,55722.76,1127643.44,3364.5,1075285.2,15
POL0000358,TERM,62.0,F,NS,2127000.0,7958.88,1.0,7958.88,21961.55,507.37,14510.04,1
POL0000359,WL,43.3,M,NS,1323000.0,32263.32,55.7,318379.85,105466.17,10550.66,-202363.03,56
POL0000360,TERM,57.4,M,NS,2016000.0,6691.8,1.0,6691.8,16919.27,478.09,10705.56,1
POL0000361,TERM,50.6,M,NS,4751000.0,25573.8,6.0,112432.58,115506.44,4007.13,7080.97,6
POL0000362,TERM,34.5,M,S,2120000.0,16361.28,7.0,71649.48,21112.64,3246.93,-47289.88,7
POL0000363,WL,54.3,M,NS,1974000.0,47245.62,44.7,425459.21,294404.31,12692.01,-118362.9,45
POL0000364,WL,36.1,M,NS,657000.0,7885.56,62.9,54829.62,14355.0,4667.17,-35807.42,63
POL0000365,WL,36.1,M,NS,1635000.0,29765.57,62.9,534867.35,316161.28,15587.06,-203118.98,63
POL0000367,TERM,52.6,F,NS,780000.0,4047.08,20.0,34203.66,54818.83,3564.06,24179.25,20
POL0000368,TERM,40.8,M,NS,557000.0,1734.48,16.0,10772.6,10720.74,2858.23,2806.35,16
POL0000369,ENDOW,48.5,M,S,921000.0,54127.92,5.0,245836.4,27464.48,6891.88,470337.64,5
POL0000370,WL,57.0,F,NS,822000.0,9819.6,42.0,137110.83,268281.6,6125.19,137295.96,43
POL0000371,TERM,27.3,M,S,4774000.0,24496.92,10.0,129115.0,38081.59,4991.7,-86041.71,10
POL0000372,TERM,40.3,M,NS,2261000.0,7699.56,9.0,44880.53,35102.51,2924.86,-6853.19,9
POL0000373,TERM,37.2,F,NS,495000.0,1695.96,15.0,10403.3,5520.69,2788.96,-2093.66,15
POL0000374,TERM,26.4,M,NS,4274000.0,22354.56,18.0,144309.02,30633.2,6083.77,-107592.03,18
POL0000375,WL,58.3,M,S,134000.0,2442.0,40.7,19797.96,29850.49,3128.01,13180.54,41
POL0000376,WL,42.1,M,S,1810000.0,43808.12,56.9,697184.59,478308.24,19092.52,-199783.87,57
POL0000377,ENDOW,46.4,M,NS,416000.0,16390.32,3.0,44405.3,3985.84,1862.99,250747.6,3
POL0000378,TERM,40.8,F,S,2455000.0,8467.2,10.0,52611.37,46933.4,3228.26,-2449.69,10
POL0000379,WL,55.7,M,NS,1707000.0,41482.32,43.3,369327.05,268678.51,11376.44,-89272.06,44
POL0000380,WL,35.8,M,NS,1589000.0,32460.48,63.2,1409587.61,1661713.39,35466.45,287592.13,64
POL0000381,TERM,41.1,M,S,3281000.0,9637.8,19.0,81183.61,158498.47,4625.36,81940.21,19
POL0000382,TERM,49.0,M,NS,3123000.0,9583.92,11.0,51866.12,98639.04,3306.88,50079.8,11
POL0000383,TERM,60.3,M,NS,3465000.0,13063.88,8.0,78407.14,301929.33,3493.18,227015.35,8
POL0000384,TERM,55.6,F,NS,2641000.0,18398.4,13.0,162384.76,214098.43,6006.0,57719.64,13
POL0000386,WL,55.0,M,NS,1476000.0,24223.32,44.0,218137.38,220132.06,7962.47,9957.2,45
POL0000387,ENDOW,51.8,F,NS,1610000.0,66798.84,4.0,217654.46,22860.15,6062.02,731165.42,4
POL0000388,WL,55.2,M,NS,974000.0,9832.44,43.8,233366.74,880061.63,8257.45,654952.37,44
POL0000389,TERM,41.6,M,NS,3230000.0,6836.04,3.0,17766.38,19670.04,1250.58,3154.24,3
POL0000391,TERM,50.8,F,NS,4053000.0,11362.56,8.0,53218.55,86259.96,2965.76,36007.16,8
POL0000392,WL,50.7,F,NS,279000.0,3522.4,48.3,23725.65,14063.23,3728.3,-5934.04,49
POL0000393,TERM,52.4,F,NS,1031000.0,4838.28,11.0,31424.78,41449.54,2837.63,12862.37,11
POL0000394,TERM,36.0,F,S,449000.0,2742.12,16.0,17091.68,6479.83,3014.41,-7597.47,16
POL0000395,TERM,54.9,M,NS,2828000.0,22220.16,22.0,141009.31,201909.05,6008.69,66908.42,22
POL0000396,TERM,60.2,M,NS,3937000.0,19124.79,25.0,156065.3,718494.2,6252.95,568681.85,25
POL0000397,ENDOW,45.4,M,S,492000.0,22593.96,11.0,178371.93,25074.31,6193.52,86900.58,11
POL0000398,TERM,32.9,F,NS,4450000.0,30712.56,7.0,172091.9,25587.21,5551.77,-140952.91,7
POL0000399,WL,43.3,F,NS,1623000.0,21381.46,55.7,147396.34,48087.34,6711.04,-92597.93,56
POL0000400,TERM,28.6,F,S,736000.0,2162.11,6.0,11821.7,4531.14,1711.74,-5578.81,6
POL0000401,WL,38.7,M,S,1200000.0,19253.33,60.3,190949.23,91090.55,7662.98,-92195.69,61
POL0000402,WL,55.3,M,NS,733000.0,8711.28,43.7,77558.65,115372.8,4720.05,42534.22,44
POL0000403,WL,53.7,M,NS,1648000.0,31798.44,45.3,809480.64,1507937.76,21426.1,719883.22,46
POL0000404,ENDOW,28.0,F,NS,645000.0,20487.84,14.0,198893.63,5757.47,7014.37,106618.86,14
POL0000405,TERM,59.3,F,S,445000.0,956.64,1.0,956.64,4957.53,345.58,4346.46,1
POL0000406,TERM,39.4,F,NS,4753000.0,34521.28,19.0,296262.03,106902.84,9586.33,-179772.91,19
POL0000407,WL,22.8,M,NS,1907000.0,32976.6,76.2,662115.54,234894.06,18620.38,-408601.14,77
POL0000408,WL,41.4,F,NS,977000.0,11918.76,57.6,120569.72,58379.2,6128.67,-56061.82,58
POL0000409,WL,46.0,M,NS,1461000.0,34252.08,53.0,231905.17,67004.99,8520.42,-156379.81,53
POL0000410,TERM,37.4,F,NS,856000.0,4701.16,11.0,31065.88,9663.33,2866.53,-18536.02,11
POL0000412,TERM,48.0,F,NS,901000.0,2084.64,5.0,8763.63,12191.53,1455.53,4883.43,5
POL0000413,WL,52.7,M,S,1046000.0,13289.04,46.3,177767.41,368468.43,6969.66,197670.63,47
POL0000414,TERM,32.8,M,S,1610000.0,11250.96,11.0,74179.88,23919.1,3847.46,-46413.31,11
POL0000415,ENDOW,29.7,M,NS,978000.0,56097.72,15.0,344884.73,7782.41,10443.53,-215533.25,15
POL0000416,TERM,36.7,F,S,4871000.0,29044.32,2.0,53802.78,15507.04,1839.75,-36455.99,2
POL0000417,TERM,49.8,F,NS,1703000.0,5193.3,4.0,15897.0,18970.79,1422.57,4496.34,4
POL0000418,TERM,42.8,F,NS,298000.0,1766.4,23.0,16062.33,10343.57,3371.62,-2347.12,23
POL0000419,ENDOW,39.9,M,NS,2600000.0,138514.8,13.0,808217.36,40408.7,20847.45,-367574.06,13
POL0000421,TERM,27.9,M,NS,2048000.0,6402.6,8.0,40066.27,12789.85,2681.67,-24594.76,8
POL0000422,WL,62.3,F,S,636000.0,9208.08,36.7,103155.66,272195.7,4958.09,173998.14,37
POL0000423,TERM,49.6,F,NS,3649000.0,12429.24,8.0,66809.2,83434.58,3278.28,19903.68,8
POL0000424,WL,25.4,M,NS,1349000.0,16351.86,73.6,172256.36,36013.6,7460.77,-128781.98,74
POL0000426,TERM,36.4,F,NS,3548000.0,12261.01,4.0,40120.02,14424.66,1983.1,-23712.26,4
POL0000427,WL,47.6,F,S,1173000.0,27149.28,51.4,182130.55,63411.6,7326.03,-111393.02,52
POL0000428,ENDOW,39.2,M,NS,2050000.0,113766.32,2.0,219957.55,7671.59,5670.1,1391797.14,2
POL0000431,TERM,45.4,F,NS,2388000.0,8884.92,9.0,44356.07,36167.43,2910.89,-5277.73,9
POL0000432,WL,43.0,M,NS,1804000.0,34894.32,56.0,585548.06,420969.14,16638.9,-147940.04,57
POL0000433,TERM,38.5,M,NS,3278000.0,13250.28,12.0,113657.46,73685.3,4855.9,-35116.26,12
POL0000434,TERM,48.7,M,S,4975000.0,16370.01,6.0,71783.22,146227.09,3070.6,77514.49,6
POL0000435,TERM,59.6,M,NS,4422000.0,24081.24,19.0,145578.99,438584.4,5899.85,298905.33,19
POL0000436,TERM,48.7,F,NS,1768000.0,6439.41,16.0,39697.03,51782.52,3495.04,15580.53,16
POL0000437,WL,41.8,M,S,201000.0,4856.51,57.2,32975.5,8713.3,3998.61,-20263.64,58
POL0000438,ENDOW,51.0,M,NS,2577000.0,113771.24,5.0,438330.55,52918.58,11319.76,960207.55,5
POL0000439,WL,52.1,M,NS,1563000.0,26048.16,46.9,239558.15,208927.93,8517.5,-22112.7,47
POL0000440,TERM,42.8,M,NS,3989000.0,22623.12,2.0,43728.51,18921.77,1607.16,-23199.58,2
POL0000441,TERM,37.9,F,NS,2761000.0,15667.8,19.0,101899.32,35578.68,5161.3,-61159.35,19
POL0000442,TERM,44.4,F,NS,1782000.0,13286.28,8.0,82682.1,31224.05,3648.26,-47809.82,8
POL0000443,TERM,72.0,F,NS,1501000.0,3330.12,2.0,6095.55,72848.6,732.68,67485.73,2
POL0000444,TERM,30.6,M,NS,4628000.0,20783.04,6.0,113627.67,29209.86,4046.11,-80371.67,6
POL0000445,WL,52.3,M,NS,905000.0,17993.4,46.7,165480.59,120972.36,6827.79,-37680.5,47
POL0000446,WL,30.9,M,S,62000.0,1020.48,68.1,7110.36,1239.04,3599.83,-2271.51,69
POL0000447,TERM,53.5,F,NS,4353000.0,28284.0,11.0,152728.98,152489.9,5610.13,5371.04,11
POL0000448,TERM,42.1,M,NS,1019000.0,7189.92,14.0,68704.88,38548.8,4010.66,-26145.4,14
POL0000449,TERM,32.6,M,NS,3014000.0,16498.92,1.0,16498.92,3375.4,704.69,-12418.83,1
POL0000450,ENDOW,51.6,M,S,1645000.0,84613.2,15.0,627341.83,141744.86,16758.66,-166380.34,15
POL0000451,TERM,61.1,M,S,3955000.0,21996.44,1.0,21996.44,66340.88,831.71,45176.16,1
POL0000452,ENDOW,27.9,M,S,510000.0,21802.22,5.0,84588.71,2683.54,3201.59,191301.08,5
POL0000453,TERM,44.3,M,NS,1088000.0,7434.88,17.0,46607.49,30117.26,3728.22,-12761.97,17
POL0000454,TERM,47.9,F,S,4442000.0,29544.36,18.0,327734.5,392221.56,10162.63,74649.67,18
POL0000455,TERM,41.9,M,NS,3510000.0,17956.8,20.0,155632.49,125332.86,6407.16,-23892.48,20
POL0000456,TERM,61.3,M,S,1767000.0,12497.54,16.0,70119.08,251033.67,3903.4,184817.99,16
POL0000458,TERM,45.7,M,S,2904000.0,7928.33,2.0,14987.65,24988.0,943.98,10944.33,2
POL0000459,TERM,34.0,M,NS,3769000.0,28351.92,6.0,125762.03,23448.02,4325.72,-97988.27,6
POL0000460,TERM,36.8,F,NS,2476000.0,9211.08,26.0,132207.16,110143.81,6157.27,-15906.12,26
POL0000461,TERM,20.8,F,S,3195000.0,22844.4,27.0,157364.8,20727.59,6806.53,-129830.68,27
POL0000462,WL,39.4,F,NS,1328000.0,17817.96,59.6,318827.6,257854.05,10667.38,-50306.14,60
POL0000463,TERM,32.2,F,NS,3602000.0,10641.84,11.0,70473.81,27453.3,3772.28,-39248.25,11
POL0000464,TERM,38.1,M,S,3171000.0,12374.04,3.0,33549.76,23495.36,1613.65,-8440.75,3
POL0000465,TERM,41.1,F,NS,1197000.0,3547.56,14.0,26604.12,23700.67,3063.44,160.04,14
POL0000466,ENDOW,29.9,M,S,2126000.0,101760.96,7.0,503232.94,17129.55,13141.94,477784.65,7
POL0000467,WL,55.0,M,NS,375000.0,6222.72,44.0,86212.7,125036.84,4949.54,43773.64,45
POL0000468,TERM,36.0,M,NS,3659000.0,13712.4,3.0,35662.53,15129.21,1663.28,-18870.03,3
POL0000469,ENDOW,43.8,F,NS,1923000.0,82778.52,9.0,482594.54,29444.87,12944.4,277524.36,9
POL0000470,TERM,41.1,F,S,1071000.0,3363.56,15.0,33716.94,45459.43,3294.5,15036.98,15
POL0000471,TERM,32.5,M,NS,1225000.0,3619.52,4.0,13440.15,5625.41,1369.37,-6445.37,4
POL0000472,WL,52.6,M,NS,1121000.0,21343.44,46.4,140477.33,79355.11,6262.99,-54859.19,47
POL0000473,TERM,61.4,F,NS,1852000.0,9295.32,9.0,52434.64,134162.81,3036.45,84764.61,9
POL0000474,ENDOW,41.1,M,NS,1082000.0,38123.04,17.0,310817.57,33201.58,9773.95,-74120.62,17
POL0000475,ENDOW,36.2,M,NS,907000.0,47858.64,18.0,402135.32,19632.0,11941.86,-218027.33,18
POL0000476,WL,50.4,F,NS,1731000.0,24958.2,48.6,168109.52,87252.5,7026.99,-73830.06,49
POL0000477,TERM,51.7,M,NS,942000.0,6142.08,13.0,69663.8,92218.43,3896.96,26451.57,13
POL0000478,WL,40.4,F,S,1264000.0,20824.08,58.6,207542.04,90902.74,8058.38,-108580.92,59
POL0000479,TERM,32.9,M,NS,958000.0,4662.12,7.0,26098.88,7312.19,2205.56,-16581.12,7
POL0000480,TERM,30.4,M,NS,2858000.0,21653.76,12.0,150545.18,26952.91,5712.4,-117879.86,12
POL0000481,ENDOW,31.9,M,NS,1448000.0,46166.4,4.0,141777.24,5069.96,4321.97,592554.43,4
POL0000482,TERM,41.4,M,NS,2134000.0,13659.6,6.0,60433.79,24573.87,2822.86,-33037.06,6
POL0000483,TERM,61.2,F,NS,955000.0,3010.8,16.0,17721.28,83741.68,2846.53,68866.93,16
POL0000485,WL,33.0,F,S,1767000.0,29413.09,66.0,302263.43,83377.98,10329.79,-208555.69,66
POL0000486,TERM,32.2,M,S,197000.0,1493.16,12.0,8473.13,2492.71,2455.84,-3524.6,12
POL0000487,TERM,45.9,F,NS,2299000.0,5120.28,6.0,22644.86,28375.73,1955.12,7686.0,6
POL0000488,TERM,62.4,M,NS,774000.0,2444.16,5.0,9253.81,44496.38,1440.43,36683.01,5
POL0000489,TERM,54.0,M,NS,628000.0,3384.24,9.0,16622.18,26178.85,2241.34,11798.03,9
POL0000490,TERM,44.7,M,NS,1087000.0,7534.2,2.0,13948.87,5799.41,920.54,-7228.92,2
POL0000491,WL,40.1,F,NS,882000.0,17430.12,58.9,177110.35,49536.11,7434.17,-120140.1,59
POL0000492,TERM,37.8,M,NS,4593000.0,35540.76,14.0,341972.66,115863.71,10260.31,-215848.64,14
POL0000493,WL,29.6,F,NS,1476000.0,21460.97,69.4,1143551.44,1621845.25,29516.39,507810.33,70
POL0000494,TERM,39.5,F,NS,1727000.0,12392.88,11.0,99670.51,29066.1,4430.59,-66173.82,11
POL0000495,ENDOW,70.8,M,NS,1859000.0,74477.8,4.0,220404.08,162180.77,6090.8,766422.0,4
POL0000496,TERM,56.1,M,NS,1329000.0,7747.08,7.0,37541.44,62174.25,2434.65,27067.47,7
POL0000497,TERM,53.7,M,S,4333000.0,12442.8,14.0,71415.65,311396.2,3966.67,243947.25,14
POL0000498,TERM,27.8,F,NS,888000.0,5908.44,20.0,73380.52,12752.76,4582.96,-56044.81,20
POL0000499,TERM,66.9,M,S,1561000.0,9897.48,6.0,45473.87,224576.88,2393.58,181496.58,6
POL0000500,ENDOW,57.4,F,NS,2789000.0,118532.76,9.0,677027.67,143027.6,17357.9,456375.03,9
POL0000501,TERM,48.7,M,NS,2196000.0,15304.68,7.0,75076.55,52070.51,3314.46,-19691.6,7
POL0000502,TERM,35.9,F,NS,3636000.0,25358.28,9.0,148442.16,28954.22,5303.4,-114184.54,9
POL0000504,TERM,59.4,M,NS,300000.0,962.16,3.0,2480.93,8361.13,891.98,6772.17,3
POL0000505,WL,38.2,M,S,1645000.0,35565.84,60.8,352732.22,124869.98,11352.01,-216510.27,61
POL0000507,ENDOW,56.0,F,NS,1357000.0,58090.44,2.0,109721.37,16097.02,3127.61,912006.59,2
POL0000508,TERM,49.7,F,S,4078000.0,26231.97,2.0,50642.04,38504.15,1765.85,-10372.05,2
POL0000509,WL,64.6,M,S,1508000.0,36154.08,34.4,262138.53,442642.22,8371.52,188875.19,35
POL0000510,TERM,34.5,M,NS,3726000.0,25555.2,4.0,89067.78,18468.82,3108.31,-67490.68,4
POL0000511,TERM,43.5,F,S,3446000.0,11225.64,9.0,65192.28,76129.3,3382.76,14319.77,9
POL0000512,TERM,27.3,M,NS,4572000.0,13071.68,3.0,34019.35,10196.52,1626.01,-22196.81,3
POL0000513,WL,68.6,M,NS,538000.0,7851.51,30.4,43979.43,108478.33,3368.99,67867.93,31
POL0000514,WL,38.7,M,NS,830000.0,15664.04,60.3,108497.36,21036.54,5862.27,-81598.53,61
POL0000515,TERM,43.2,M,NS,813000.0,3790.2,12.0,26086.99,21153.02,2844.74,-2089.22,12
POL0000516,TERM,52.4,F,NS,1781000.0,9106.05,6.0,40069.09,40259.83,2347.72,2538.47,6
POL0000517,WL,38.7,M,S,1122000.0,21316.2,60.3,211408.24,85169.66,8129.48,-118109.08,61
POL0000519,TERM,49.0,F,S,596000.0,4527.48,13.0,32108.93,28133.2,3053.02,-922.74,13
POL0000521,WL,43.3,F,NS,1448000.0,35126.76,55.7,351882.53,97856.85,11367.42,-242658.27,56
POL0000522,WL,48.9,M,NS,68000.0,1326.24,50.1,39804.46,64364.94,4075.88,28636.33,51
POL0000523,TERM,41.0,M,S,2785000.0,6531.72,14.0,48529.98,94376.61,3541.39,49388.01,14
POL0000524,TERM,40.4,F,NS,1212000.0,8500.68,13.0,77506.13,27374.76,4133.91,-45997.47,13
POL0000525,TERM,40.6,F,NS,3701000.0,8711.6,25.0,81355.35,117695.76,4947.41,41287.85,25
POL0000526,TERM,41.7,M,S,3586000.0,19279.08,9.0,111809.98,87404.21,4447.29,-19958.46,9
POL0000527,TERM,30.8,F,NS,2230000.0,16279.68,23.0,150388.3,29039.58,6484.58,-114864.11,23
POL0000528,TERM,53.4,M,NS,3759000.0,7865.28,2.0,14538.93,42813.57,933.2,29207.83,2
POL0000529,WL,61.3,M,NS,1673000.0,38533.8,37.7,315994.33,358926.31,9920.02,52852.09,38
POL0000530,TERM,73.1,F,NS,4351000.0,0.0,10.0,0.0,916942.42,1784.51,918726.93,10
POL0000531,TERM,43.5,F,NS,2719000.0,17664.98,6.0,78198.34,28339.91,3231.31,-46627.11,6
POL0000532,ENDOW,68.8,M,NS,2288000.0,97094.52,6.0,498593.3,321123.4,12798.49,1311594.41,6
POL0000535,TERM,55.3,F,NS,4766000.0,28635.12,10.0,251661.43,348868.31,7738.71,104945.6,10
POL0000537,TERM,51.2,F,NS,800000.0,2750.52,6.0,10946.36,14793.09,1680.84,5527.59,6
POL0000538,WL,43.6,F,NS,749000.0,11439.72,55.4,195663.67,165105.23,7797.31,-22761.13,56
POL0000540,ENDOW,48.3,M,NS,2453000.0,107664.13,5.0,451504.25,46583.51,11621.43,1143746.1,5
POL0000541,WL,57.3,F,NS,1336000.0,21655.2,41.7,296393.41,448637.38,9717.49,161961.48,42
POL0000542,WL,40.7,F,NS,172000.0,3045.52,58.3,21136.5,4046.21,3878.88,-13211.36,59
POL0000543,WL,49.8,F,NS,734000.0,15002.28,49.2,236467.92,194796.13,8595.31,-33076.5,50
POL0000544,TERM,66.9,M,NS,3980000.0,15085.2,2.0,27709.12,140959.64,1233.09,114483.62,2
POL0000545,TERM,54.1,F,NS,1947000.0,7056.72,4.0,22952.02,35975.08,1581.86,14604.93,4
POL0000546,ENDOW,48.3,M,S,2598000.0,97523.52,13.0,556883.5,119545.29,15039.9,-76785.3,13
POL0000547,WL,60.6,F,NS,110000.0,2311.8,38.4,29669.22,40157.46,3528.44,14016.67,39
POL0000548,WL,39.4,M,S,614000.0,7567.32,59.6,51711.37,23093.97,4470.04,-24147.36,60
POL0000549,TERM,50.8,F,NS,3948000.0,19562.34,7.0,85242.98,75675.28,3550.09,-6017.64,7
POL0000550,ENDOW,34.3,M,NS,2550000.0,135952.2,11.0,746485.31,23934.58,19240.21,-207397.17,11
POL0000551,TERM,52.0,F,S,2378000.0,13822.3,12.0,114910.34,188066.41,4823.43,77979.51,12
POL0000552,ENDOW,38.8,M,NS,1804000.0,96180.96,20.0,1174302.08,80318.1,29624.95,-463851.59,20
POL0000553,TERM,37.1,F,NS,930000.0,6420.38,7.0,35928.61,7863.31,2430.23,-25635.05,7
POL0000554,TERM,45.9,M,NS,1275000.0,7565.4,4.0,26294.85,14989.19,1661.96,-9643.69,4
POL0000555,TERM,42.3,F,S,3370000.0,19924.44,4.0,65045.17,32329.15,2553.94,-30162.08,4
POL0000556,TERM,43.9,M,NS,3373000.0,7038.12,7.0,30760.36,46087.79,2305.67,17633.11,7
POL0000557,WL,37.1,M,NS,1261000.0,19902.8,61.9,138132.4,29672.44,6554.97,-101905.0,62
POL0000558,TERM,44.4,F,NS,3363000.0,17606.64,18.0,199899.0,165748.1,7299.71,-26851.24,18
POL0000559,TERM,50.0,M,NS,630000.0,4901.52,12.0,51668.08,49992.83,3398.53,1723.3,12
POL0000560,WL,56.8,F,NS,938000.0,17388.24,42.2,113453.74,73384.92,5595.36,-34473.46,43
POL0000561,WL,55.2,F,NS,1532000.0,15552.96,43.8,221388.93,485825.96,8078.05,272515.08,44
POL0000564,TERM,48.8,M,NS,4984000.0,21578.52,14.0,159141.97,227014.23,6050.16,73922.44,14
POL0000565,WL,50.3,M,NS,489000.0,5170.44,48.7,34399.51,30003.15,3900.61,-495.78,49
POL0000566,ENDOW,45.5,F,NS,1031000.0,45984.23,15.0,354482.34,30609.29,10622.19,-92283.88,15
POL0000567,ENDOW,48.8,M,S,2442000.0,119109.24,8.0,634729.31,93578.02,16272.95,428654.53,8
POL0000568,TERM,25.3,F,S,4022000.0,13872.12,9.0,81298.38,23308.76,3768.73,-54220.92,9
POL0000569,WL,30.5,F,NS,1098000.0,13279.2,68.5,139328.64,32875.96,6694.06,-99758.56,69
POL0000570,ENDOW,52.9,M,NS,1135000.0,36938.76,9.0,212090.59,47782.94,6724.08,245477.19,9
POL0000571,TERM,36.6,F,NS,4329000.0,10110.96,10.0,63176.94,41198.04,3481.3,-18497.58,10
POL0000572,TERM,51.3,M,S,672000.0,3929.28,3.0,10602.18,14046.94,1081.35,4526.11,3
POL0000573,TERM,38.7,F,S,1028000.0,2647.44,6.0,12997.92,11672.27,1735.15,409.48,6
POL0000574,WL,27.6,M,NS,1619000.0,24895.08,71.4,261166.16,48820.57,9471.33,-202874.22,72
POL0000575,TERM,40.5,M,NS,2853000.0,15472.44,9.0,105944.63,53346.13,4320.84,-48277.68,9
POL0000576,TERM,57.7,F,NS,2022000.0,9206.64,4.0,33875.15,55778.27,1830.35,23733.5,4
POL0000577,TERM,36.8,M,NS,3337000.0,21250.68,13.0,193878.16,70740.63,6791.46,-116346.09,13
POL0000578,ENDOW,34.8,M,S,180000.0,9656.4,18.0,61776.66,3367.87,4165.27,-41229.35,18
POL0000579,WL,52.6,M,NS,337000.0,5370.6,46.4,49392.02,45047.12,4179.75,-165.11,47
POL0000580,TERM,45.6,F,NS,861000.0,5315.52,26.0,35747.24,25401.61,3898.6,-6447.04,26
POL0000581,TERM,48.8,F,S,656000.0,2538.48,4.0,8265.78,10325.08,1245.27,3304.57,4
POL0000582,TERM,33.0,F,NS,2162000.0,15196.68,5.0,59004.67,7975.84,2614.79,-48414.06,5
POL0000583,TERM,54.1,F,S,4821000.0,20594.52,8.0,125507.96,281168.45,4595.39,160255.89,8
POL0000584,TERM,37.9,F,NS,2463000.0,18003.24,27.0,123052.8,38057.67,5983.7,-79011.44,27
POL0000585,TERM,45.6,F,S,238000.0,792.0,1.0,792.0,801.66,341.77,351.44,1
POL0000586,WL,59.9,M,NS,1551000.0,24572.76,39.1,153604.47,177867.56,6305.4,30568.45,40
POL0000587,WL,55.2,F,NS,1453000.0,34315.55,43.8,882663.29,1304153.73,23106.17,444596.63,44
POL0000588,WL,51.7,M,NS,1024000.0,12725.64,47.3,186455.4,313242.74,7329.94,134117.27,48
POL0000589,ENDOW,43.1,M,NS,2858000.0,145060.08,6.0,641145.38,38715.99,16147.71,791718.67,6
POL0000590,TERM,36.5,F,NS,639000.0,1984.56,25.0,27885.22,26638.06,3748.29,2501.12,25
POL0000591,TERM,54.9,M,NS,2400000.0,10258.28,13.0,71676.67,167990.79,3922.72,100236.87,13
POL0000592,ENDOW,57.4,F,NS,888000.0,52073.28,16.0,520938.98,110621.03,14385.57,-99963.74,16
POL0000593,WL,57.4,F,NS,584000.0,8714.88,41.6,208959.82,517432.09,7719.16,316191.37,42
POL0000594,TERM,45.9,F,NS,1859000.0,6012.0,21.0,52824.1,76134.68,4103.24,27413.87,21
POL0000595,TERM,56.8,F,NS,1551000.0,5813.68,7.0,28319.88,57542.52,2231.49,31454.13,7
POL0000596,WL,50.4,F,S,588000.0,14490.48,48.6,134286.83,75323.61,6140.86,-52822.38,49
POL0000597,TERM,43.0,M,NS,862000.0,0.0,13.0,0.0,18543.83,2348.05,20891.86,13
POL0000598,WL,68.7,M,NS,457000.0,6022.08,30.3,33732.03,92146.11,3134.59,61548.64,31
POL0000599,ENDOW,58.1,M,S,2640000.0,106226.16,3.0,273086.32,94930.18,7121.08,1444726.41,3
POL0000601,TERM,63.3,M,NS,2918000.0,21783.84,9.0,140632.31,370532.51,5016.19,234916.37,9
POL0000602,WL,43.9,M,NS,626000.0,10868.88,55.1,107255.92,49903.1,5736.48,-51616.37,56
POL0000603,TERM,54.9,F,NS,1202000.0,7561.48,1.0,7561.48,6068.86,498.19,-994.44,1
POL0000604,WL,45.9,F,NS,1234000.0,22861.78,53.1,156747.53,42612.97,6885.21,-107249.28,54
POL0000605,TERM,39.9,M,NS,4356000.0,34168.84,7.0,190784.42,56615.97,5974.82,-128193.63,7
POL0000606,TERM,42.3,F,NS,886000.0,1837.1,7.0,9071.42,9819.3,1811.94,2559.84,7
POL0000607,WL,67.4,F,NS,1761000.0,18685.96,31.6,302277.76,1474934.98,9414.81,1182072.02,32
POL0000608,WL,52.8,F,S,1517000.0,25852.2,46.2,363817.8,495822.22,11298.14,143302.53,47
POL0000609,ENDOW,39.7,M,S,1060000.0,41425.59,5.0,147470.49,11776.08,4643.2,326056.23,5
POL0000610,TERM,40.5,F,NS,941000.0,5196.6,8.0,28117.29,10026.11,2403.55,-15687.61,8
POL0000611,TERM,55.3,F,NS,4244000.0,22735.32,2.0,42953.82,46067.19,1588.41,4701.78,2
POL0000612,ENDOW,46.4,M,S,2569000.0,144540.0,1.0,144540.0,12220.41,3663.12,1949979.59,1
POL0000613,ENDOW,38.4,M,NS,1530000.0,87133.92,1.0,87133.92,2645.92,2336.74,1159882.62,1
POL0000614,WL,51.7,M,NS,1527000.0,37255.72,47.3,545868.86,467111.0,15513.44,-63244.39,48
POL0000615,TERM,50.9,M,S,4333000.0,15273.48,2.0,28840.11,56103.01,1262.69,28525.58,2
POL0000616,TERM,44.5,M,NS,2031000.0,5456.04,15.0,41910.65,70857.94,3475.05,32422.35,15
POL0000619,WL,53.6,M,NS,168000.0,3140.12,45.4,44353.65,54444.86,4030.35,14121.54,46
POL0000620,WL,45.5,F,NS,1646000.0,24830.64,53.5,414118.51,386261.33,12730.3,-15126.83,54
POL0000621,ENDOW,56.7,M,NS,2025000.0,92395.92,6.0,402910.23,82163.74,10661.89,625637.38,6
POL0000622,TERM,46.6,M,NS,4263000.0,26830.32,17.0,289654.76,290033.25,9253.62,9632.09,17
POL0000623,TERM,53.0,M,NS,3447000.0,15904.92,23.0,196609.11,568247.57,7334.67,378973.16,23
POL0000624,ENDOW,41.0,F,NS,1091000.0,61727.97,6.0,273560.75,8866.22,7716.1,273445.25,6
POL0000625,TERM,52.7,F,NS,1780000.0,11268.72,3.0,29225.97,21134.68,1512.73,-6578.56,3
POL0000627,WL,25.1,F,NS,1689000.0,28277.04,73.9,299592.4,36888.76,10385.82,-252317.83,74
POL0000629,TERM,40.3,F,S,1726000.0,7202.16,1.0,7202.16,3891.48,489.88,-2820.8,1
POL0000630,TERM,27.3,F,NS,182000.0,1212.96,3.0,3437.45,329.13,921.94,-2186.38,3
POL0000631,WL,73.2,F,NS,136000.0,3216.12,25.8,28527.43,68329.88,2862.35,42664.81,26
POL0000632,ENDOW,53.6,M,NS,1078000.0,47367.96,1.0,47367.96,6392.08,1417.93,831563.78,1
POL0000633,TERM,34.0,M,NS,1982000.0,4687.56,9.0,32225.84,21495.88,2641.53,-8088.43,9
POL0000634,WL,53.3,F,NS,1443000.0,28105.32,45.7,262304.31,176425.77,9083.4,-76795.12,46
POL0000636,TERM,40.0,M,NS,2559000.0,14855.28,17.0,93677.98,51091.72,4824.44,-37761.85,17
POL0000637,ENDOW,54.1,M,S,1697000.0,94755.84,16.0,924011.4,275848.25,23528.32,-105452.27,16
POL0000640,WL,38.5,M,S,505000.0,6678.84,60.5,45770.75,17692.13,4354.52,-23724.08,61
POL0000641,TERM,30.2,M,NS,2636000.0,15529.8,8.0,84210.44,17204.79,3692.27,-63313.38,8
POL0000642,TERM,36.1,M,NS,1708000.0,4530.12,17.0,28685.95,24780.2,3353.07,-552.7,17
POL0000643,ENDOW,60.3,F,NS,1845000.0,89796.84,5.0,343067.55,71191.87,9120.92,667187.56,5
POL0000644,TERM,52.6,M,NS,4743000.0,24486.12,13.0,216351.19,373574.58,7240.12,164463.53,13
POL0000645,ENDOW,50.7,F,NS,2254000.0,112695.84,1.0,112695.84,8010.18,2927.35,1724390.52,1
POL0000646,TERM,63.4,F,NS,3976000.0,20088.0,5.0,76322.01,199870.68,2985.66,126534.32,5
POL0000648,TERM,40.4,M,NS,2788000.0,11976.6,10.0,89139.34,58984.72,4064.42,-26090.2,10
POL0000649,ENDOW,48.7,F,NS,1914000.0,84822.0,19.0,715022.17,91866.09,19092.58,-334425.14,19
POL0000650,ENDOW,57.3,M,S,333000.0,15363.12,2.0,27697.08,7417.18,1234.83,201622.64,2
POL0000651,WL,38.3,M,NS,1144000.0,25523.4,60.7,176788.49,28994.91,7422.19,-140371.29,61
POL0000652,ENDOW,60.6,F,NS,1906000.0,60298.8,5.0,212194.25,67171.3,6115.49,651453.25,5
POL0000653,TERM,39.1,F,NS,4208000.0,18297.68,4.0,63759.33,23198.48,2526.08,-38034.78,4
POL0000654,WL,49.0,M,NS,1633000.0,16361.64,50.0,155952.67,174247.2,6727.67,25022.19,51
POL0000656,TERM,59.8,M,NS,1330000.0,9839.52,9.0,47664.84,84592.77,2923.96,39851.88,9
POL0000657,TERM,57.1,F,S,4446000.0,26502.85,4.0,80408.75,140885.88,2896.86,63373.99,4
POL0000658,ENDOW,43.9,M,NS,910000.0,33339.34,17.0,270808.16,32886.51,8850.65,-68716.43,17
POL0000659,TERM,59.3,F,S,936000.0,3407.04,1.0,3407.04,10427.52,402.2,7422.67,1
POL0000660,WL,50.3,F,NS,1347000.0,19603.92,48.7,187721.33,138500.41,7467.43,-41753.47,49
POL0000661,TERM,49.2,F,S,4211000.0,13681.64,7.0,75647.99,138881.05,3322.45,66555.53,7
POL0000662,TERM,74.2,M,NS,4201000.0,25445.04,8.0,120474.53,956859.42,4300.19,840685.08,8
POL0000663,TERM,37.1,M,NS,405000.0,918.84,30.0,13989.21,31393.29,3544.94,20949.01,30
POL0000664,TERM,48.5,F,NS,2704000.0,19950.87,5.0,77118.44,36400.23,3025.31,-37692.87,5
POL0000666,WL,44.5,M,NS,1370000.0,18482.64,54.5,302067.11,339969.07,10144.75,48046.77,55
POL0000667,WL,34.1,F,S,1462000.0,31370.16,64.9,568021.67,276691.52,16351.61,-274978.56,65
POL0000668,ENDOW,72.5,F,NS,2575000.0,92165.68,2.0,165058.14,122146.82,4398.11,1614947.28,2
POL0000669,WL,38.7,F,NS,434000.0,4482.0,60.3,45914.11,21518.58,4473.07,-19922.45,61
POL0000670,WL,57.9,M,S,1947000.0,28964.35,41.1,238551.27,413155.02,8164.87,182768.61,42
POL0000671,TERM,37.9,M,NS,898000.0,4633.44,23.0,42288.85,26434.23,3981.29,-11873.32,23
POL0000672,WL,55.5,F,S,1424000.0,22235.04,43.5,195111.47,239193.34,7357.7,51439.61,44
POL0000673,WL,42.3,M,NS,389000.0,6890.76,56.7,115631.16,90774.38,5943.2,-18913.55,57
POL0000674,ENDOW,37.7,M,NS,627000.0,22537.08,13.0,162889.36,10829.79,6086.07,19448.77,13
POL0000675,TERM,51.3,M,NS,4944000.0,16475.28,6.0,65391.01,116870.82,2926.64,54406.45,6
POL0000676,TERM,42.7,F,NS,2888000.0,17967.72,13.0,163459.33,77165.71,6091.32,-80202.28,13
POL0000677,TERM,37.1,F,NS,2618000.0,14831.59,27.0,141886.38,69887.99,6408.37,-65590.01,27
POL0000678,WL,65.3,M,NS,1116000.0,20575.08,33.7,120333.24,187979.73,5269.99,72916.48,34
POL0000679,ENDOW,38.9,M,NS,756000.0,39845.2,9.0,232553.68,10006.76,7223.07,67929.98,9
POL0000680,WL,51.0,F,S,309000.0,7324.27,48.0,106939.81,95345.79,5512.83,-6081.12,49
POL0000681,TERM,26.8,M,NS,808000.0,6385.92,7.0,35792.75,4106.08,2429.49,-29257.19,7
POL0000682,WL,55.3,M,NS,980000.0,16450.92,43.7,106215.24,85632.74,5377.92,-15204.54,44
POL0000683,TERM,53.1,M,NS,1626000.0,11733.6,6.0,63212.6,64199.05,2871.46,3857.92,6
POL0000684,TERM,49.8,M,NS,1811000.0,8280.88,14.0,60913.2,89634.56,3799.82,32521.16,14
POL0000685,ENDOW,47.8,M,NS,1945000.0,66060.6,16.0,928401.29,195065.88,23722.39,712473.25,16
POL0000686,ENDOW,42.6,M,NS,1052000.0,39901.8,21.0,261519.93,27799.52,8874.31,-177181.76,21
POL0000687,ENDOW,46.6,F,NS,467000.0,23199.24,15.0,178529.34,15098.32,6599.64,-57427.6,15
POL0000688,ENDOW,29.5,M,S,2361000.0,136379.54,20.0,1194580.07,48195.17,30142.11,-782596.42,20
POL0000690,TERM,39.5,F,NS,269000.0,958.92,29.0,6574.16,5052.61,3362.55,1841.01,29
POL0000691,ENDOW,48.4,F,NS,2320000.0,87332.04,2.0,161670.15,13339.54,4326.39,1503405.3,2
POL0000692,TERM,32.3,F,NS,3848000.0,9893.0,17.0,81710.02,44100.96,4579.32,-33029.74,17
POL0000693,TERM,42.4,F,NS,1069000.0,5322.0,3.0,14440.7,5644.52,1174.29,-7621.9,3
POL0000694,TERM,35.4,F,NS,3606000.0,7421.04,14.0,55922.73,43609.36,3745.21,-8568.12,14
POL0000695,TERM,55.1,F,NS,855000.0,5064.48,23.0,62389.03,146134.68,4269.84,88015.45,23
POL0000696,TERM,50.4,M,NS,3056000.0,15985.65,18.0,175900.27,310872.85,6684.08,141656.64,18
POL0000697,TERM,44.6,F,S,4769000.0,15626.76,13.0,90518.65,124034.1,4409.94,37925.34,13
POL0000700,WL,32.8,M,NS,698000.0,13908.6,66.2,97299.43,11365.38,5689.46,-80244.56,67
POL0000701,TERM,35.0,M,NS,4826000.0,27648.69,8.0,149694.57,45364.71,5189.53,-99140.35,8
POL0000702,WL,62.5,F,NS,1361000.0,14012.04,36.5,87145.34,161552.7,4760.73,79168.03,37
POL0000703,TERM,60.8,M,NS,1976000.0,5266.92,8.0,24055.16,125529.56,2249.42,103723.81,8
POL0000705,TERM,64.4,M,S,4433000.0,16800.96,10.0,94922.34,744929.82,4012.45,654019.93,10
POL0000708,TERM,20.5,M,NS,886000.0,4719.52,8.0,25632.64,3127.07,2353.34,-20152.23,8
POL0000709,WL,35.7,M,NS,1651000.0,31770.16,63.3,576622.88,309279.88,16551.29,-250791.74,64
POL0000710,WL,52.4,F,NS,1169000.0,28973.12,46.6,435198.83,339500.22,13038.77,-82659.9,47
POL0000711,ENDOW,44.4,F,NS,1240000.0,48128.63,13.0,436677.15,39254.57,12322.47,178125.52,13
POL0000712,TERM,47.5,F,S,2145000.0,16486.92,12.0,174675.26,147298.14,6213.82,-21163.28,12
POL0000713,WL,59.7,F,NS,55000.0,1333.08,39.3,11645.94,9363.5,3158.03,875.61,40
POL0000714,ENDOW,42.2,M,NS,799000.0,33198.48,10.0,206158.58,16113.15,6739.4,87465.94,10
POL0000715,TERM,54.8,M,S,3988000.0,11383.04,5.0,43438.6,162899.1,2235.57,121696.07,5
POL0000717,TERM,45.9,M,NS,4822000.0,37792.09,20.0,663057.18,629461.56,17913.51,-15682.11,20
POL0000718,TERM,53.5,F,NS,1933000.0,4233.84,22.0,36586.58,160168.88,3685.46,127267.73,22
POL0000719,WL,59.2,M,NS,1176000.0,21078.12,39.8,178154.35,228176.02,6859.93,56881.58,40
POL0000720,WL,32.9,M,NS,1349000.0,29259.96,66.1,302970.02,55253.92,10374.19,-237341.96,67
POL0000722,TERM,33.7,M,NS,3309000.0,13257.0,10.0,82810.59,32888.34,3929.81,-45992.44,10
POL0000723,TERM,45.1,M,NS,2343000.0,17490.75,19.0,203057.35,171229.46,7403.16,-24424.75,19
POL0000724,TERM,35.7,F,NS,4524000.0,20570.27,23.0,431718.74,278984.05,12858.57,-139876.15,23
POL0000725,WL,57.2,M,NS,598000.0,6014.64,41.8,78301.55,216782.18,4658.88,143139.53,42
POL0000727,WL,51.6,F,NS,485000.0,11871.36,47.4,181311.3,136715.69,7286.8,-37308.84,48
POL0000728,TERM,43.6,F,NS,3211000.0,11107.88,19.0,130816.99,157237.15,5788.95,32209.1,19
POL0000729,TERM,33.8,F,NS,3462000.0,13974.56,7.0,88797.73,24657.52,3642.09,-60498.13,7
POL0000730,WL,48.1,F,NS,671000.0,13346.16,50.9,430755.16,632669.16,13028.83,214942.85,51
POL0000731,WL,70.5,M,NS,453000.0,5526.08,28.5,50390.14,227006.05,3403.73,180019.64,29
POL0000732,WL,19.6,M,NS,708000.0,14713.2,79.4,300513.67,79095.9,10410.02,-211007.78,80
POL0000733,TERM,34.3,M,NS,2585000.0,8504.64,4.0,29641.31,12813.17,1741.72,-15086.42,4
POL0000734,WL,48.1,M,NS,434000.0,9818.76,50.9,151276.68,121528.59,6614.92,-23133.17,51
POL0000735,TERM,28.6,M,NS,1003000.0,6183.84,12.0,35238.64,6474.31,3079.37,-25684.97,12
POL0000736,TERM,44.9,M,S,4856000.0,17676.77,5.0,62767.77,79815.86,2693.35,19741.44,5
POL0000737,TERM,48.4,M,NS,3330000.0,24857.28,15.0,149744.92,118950.75,5918.95,-24875.24,15
POL0000738,WL,42.6,F,S,645000.0,12483.6,56.4,433494.31,636866.36,13139.08,216511.19,57
POL0000740,ENDOW,28.2,M,NS,1213000.0,57347.7,20.0,709742.5,24707.87,19071.45,-241152.31,20
POL0000741,TERM,32.4,M,NS,2831000.0,8560.56,25.0,120444.85,109575.57,5858.69,-5010.58,25
POL0000742,TERM,49.1,F,S,3027000.0,22993.92,5.0,88568.77,63651.64,3283.99,-21633.14,5
POL0000744,TERM,43.5,F,NS,2600000.0,6561.65,2.0,11886.99,9564.0,873.25,-1449.74,2
POL0000745,WL,46.7,M,NS,1686000.0,39699.29,52.3,384150.72,160287.4,11982.8,-211880.53,53
POL0000747,TERM,34.5,M,S,1238000.0,6630.64,21.0,83246.7,61670.06,4814.94,-16761.71,21
POL0000748,WL,46.8,M,NS,1196000.0,0.0,52.2,0.0,315393.59,3222.38,318615.95,53
POL0000749,WL,44.6,F,NS,431000.0,10434.96,54.4,103974.07,30961.96,5695.59,-67316.46,55
POL0000750,TERM,26.7,F,NS,2997000.0,16147.2,15.0,126340.15,19578.25,5450.31,-101311.61,15
POL0000751,TERM,46.6,M,NS,2112000.0,10025.03,16.0,141408.85,195149.91,5802.84,59543.91,16
POL0000752,WL,38.8,F,NS,1822000.0,43798.92,60.2,448680.93,90338.31,13655.8,-344686.82,61
POL0000753,WL,33.8,F,NS,1111000.0,26764.48,65.2,187745.43,15288.8,7776.6,-164679.99,66
POL0000754,ENDOW,38.1,M,NS,1375000.0,61408.34,2.0,111258.82,4452.44,3164.61,828916.45,2
POL0000755,ENDOW,33.3,M,NS,421000.0,24496.83,12.0,139337.94,3889.85,5456.28,-58357.61,12
POL0000756,TERM,69.0,M,NS,319000.0,786.24,7.0,3616.54,44305.7,1576.75,42265.91,7
POL0000757,TERM,17.5,M,NS,228000.0,1605.0,15.0,16405.46,1574.9,2941.77,-11888.8,15
POL0000758,TERM,39.5,F,NS,4695000.0,18780.84,23.0,171747.92,126877.68,6940.41,-37929.86,23
POL0000759,WL,31.6,M,NS,868000.0,16606.44,67.4,172459.68,33438.4,7410.09,-131611.21,68
POL0000760,ENDOW,44.9,F,NS,1684000.0,89409.96,17.0,729028.98,51811.85,19321.03,-356646.41,17
POL0000761,TERM,60.1,M,NS,1111000.0,2840.09,22.0,22732.38,188767.01,3154.36,169188.95,22
POL0000762,ENDOW,67.1,F,NS,761000.0,31768.32,8.0,162610.17,82537.82,5389.87,185459.81,8
POL0000763,TERM,49.5,F,NS,1092000.0,8504.52,9.0,57873.89,33707.94,3210.67,-20955.26,9
POL0000764,ENDOW,46.8,F,NS,1206000.0,63507.6,4.0,207362.19,11113.66,5827.47,503355.79,4
POL0000766,WL,35.2,M,NS,93000.0,1291.51,63.8,13238.68,4576.9,3730.83,-4931.01,64
POL0000767,TERM,37.4,M,NS,4869000.0,27474.84,14.0,206188.8,90163.74,7167.43,-108857.61,14
POL0000768,WL,32.2,M,NS,1578000.0,37577.28,66.8,389091.07,64633.48,12337.55,-312119.95,67
POL0000770,TERM,18.8,M,NS,1886000.0,5669.99,24.0,38591.82,9387.38,3990.44,-25214.01,24
POL0000771,TERM,52.9,M,NS,3470000.0,22905.72,6.0,100476.62,100008.39,3729.55,3261.32,6
POL0000772,TERM,55.2,F,NS,4826000.0,15287.08,1.0,15287.08,26624.71,676.69,12014.32,1
POL0000773,ENDOW,53.0,F,NS,1296000.0,74871.12,7.0,366826.7,33879.15,10000.55,239622.99,7
POL0000775,TERM,43.8,F,NS,112000.0,697.68,2.0,1292.22,421.62,628.96,-241.64,2
POL0000776,WL,52.3,M,NS,773000.0,18104.11,46.7,166498.76,103327.75,6850.99,-56320.04,47
POL0000777,TERM,27.3,M,NS,1599000.0,3548.64,15.0,27714.12,14912.92,3193.4,-9607.8,15
POL0000778,TERM,63.0,F,NS,2431000.0,14194.8,12.0,76451.01,212421.78,3876.97,139847.78,12
POL0000779,ENDOW,54.9,M,NS,533000.0,26732.76,16.0,204441.31,44918.25,7177.23,-63047.1,16
POL0000780,WL,48.4,M,S,1813000.0,40092.45,50.6,263883.21,128433.45,9086.36,-126363.37,51
POL0000782,TERM,40.1,M,NS,1109000.0,6447.84,16.0,51315.01,29632.34,3783.55,-17899.11,16
POL0000783,TERM,42.1,M,NS,1632000.0,7042.32,1.0,7042.32,3858.35,486.19,-2697.78,1
POL0000786,WL,62.3,M,NS,223000.0,5384.82,36.7,62222.64,92312.58,4080.41,34170.3,37
POL0000788,ENDOW,42.3,F,NS,1290000.0,74982.52,4.0,230015.0,7928.33,6350.59,427619.26,4
POL0000789,TERM,42.7,M,NS,3432000.0,23178.12,6.0,126200.41,53894.69,4329.2,-67976.52,6
POL0000790,ENDOW,53.5,M,S,1984000.0,114232.68,10.0,820306.16,172413.63,20714.22,296126.03,10
POL0000791,WL,45.6,M,NS,1069000.0,17875.56,53.4,288098.17,273487.69,9804.26,-4806.2,54
POL0000792,TERM,54.3,M,NS,4072000.0,12401.28,4.0,42865.38,102583.2,2037.45,61755.28,4
POL0000793,ENDOW,50.4,F,S,661000.0,27845.32,5.0,116456.24,16565.1,3922.89,314855.1,5
POL0000794,TERM,40.0,F,NS,190000.0,564.6,22.0,5086.15,5347.78,3090.83,3352.48,22
POL0000795,WL,44.6,M,NS,612000.0,10715.76,54.4,363325.48,596442.39,11527.76,244644.61,55
POL0000796,ENDOW,49.2,M,NS,1129000.0,47939.91,8.0,224043.13,28206.29,6877.12,129384.34,8
POL0000797,WL,38.8,F,NS,124000.0,2974.08,60.2,53766.11,23317.63,4649.84,-25798.66,61
POL0000798,ENDOW,57.4,M,NS,72000.0,4264.2,11.0,27062.77,5551.98,2689.13,1018.64,11
POL0000799,WL,43.2,F,NS,1317000.0,27199.84,55.8,465223.08,290312.0,13932.46,-160978.66,56
POL0000801,WL,41.8,F,NS,830000.0,14830.96,57.2,102716.67,21087.53,5725.97,-75903.16,58
POL0000802,TERM,42.9,F,NS,109000.0,454.7,15.0,2777.69,1839.46,2601.62,1663.37,15
POL0000803,WL,64.9,M,S,940000.0,20296.92,34.1,200242.38,449460.65,6950.81,256169.12,35
POL0000804,TERM,44.9,M,S,3345000.0,11152.8,12.0,94109.91,174741.34,4377.24,85008.67,12
POL0000805,TERM,38.7,F,NS,3206000.0,19607.88,9.0,98281.26,27102.68,4154.66,-67023.91,9
POL0000807,WL,56.0,M,NS,984000.0,15631.56,43.0,139171.5,154879.67,6125.67,21833.82,44
POL0000808,ENDOW,63.8,M,NS,2070000.0,90682.68,7.0,485242.78,200812.7,12661.1,801352.07,7
POL0000809,ENDOW,55.9,M,NS,1498000.0,64068.84,9.0,365275.51,81270.62,10217.81,245920.63,9
POL0000810,ENDOW,42.0,M,NS,2082000.0,118002.72,1.0,118002.72,4545.65,3049.97,1578901.42,1
POL0000811,TERM,34.1,F,NS,3903000.0,10985.52,9.0,75602.2,34607.15,3635.52,-37359.54,9
POL0000812,TERM,48.0,F,NS,4144000.0,16409.4,6.0,65487.37,54179.07,2937.25,-8371.05,6
POL0000813,TERM,46.8,M,S,1454000.0,4740.12,17.0,37726.75,94265.56,3475.22,60014.06,17
POL0000814,TERM,33.6,M,NS,743000.0,4676.48,3.0,11650.48,2358.5,1110.62,-8181.37,3
POL0000816,TERM,53.0,M,NS,2454000.0,8942.68,2.0,16534.54,25647.41,979.36,10092.22,2
POL0000818,WL,57.5,M,NS,318000.0,4467.84,41.5,28413.63,31876.91,3524.71,6988.07,42
POL0000819,WL,53.5,M,NS,827000.0,18168.24,45.5,462501.86,756713.91,13536.56,307748.61,46
POL0000821,TERM,67.2,F,NS,1232000.0,7337.28,5.0,27595.13,87908.74,1853.69,62167.29,5
POL0000822,TERM,36.9,F,NS,2439000.0,6863.16,11.0,45375.88,25405.26,3194.85,-16775.75,11
POL0000824,ENDOW,42.0,M,NS,2339000.0,97128.61,16.0,771833.32,67796.34,20230.45,-223797.65,16
POL0000825,ENDOW,50.4,F,NS,2854000.0,133192.32,11.0,723034.57,77100.05,18676.32,-96948.55,11
POL0000826,WL,61.0,F,S,399000.0,4872.0,38.0,39185.47,90855.31,3548.3,55218.17,38
POL0000827,ENDOW,23.0,F,NS,1203000.0,40976.52,8.0,222631.75,3493.97,6866.32,287253.63,8
POL0000828,ENDOW,32.9,F,NS,1193000.0,57119.43,13.0,335291.48,8167.47,10046.02,-138521.92,13
POL0000829,TERM,52.7,M,NS,4386000.0,29140.56,5.0,103190.07,97538.13,3618.65,-2033.31,5
POL0000830,TERM,56.6,M,NS,3208000.0,16034.28,16.0,95597.33,230369.06,4667.25,139438.95,16
POL0000831,TERM,57.2,F,NS,1299000.0,3531.36,5.0,13548.48,38457.25,1555.52,26464.3,5
POL0000832,TERM,53.2,F,NS,4743000.0,21063.24,2.0,39813.01,43141.45,1516.27,4844.71,2
POL0000833,WL,51.0,F,NS,565000.0,7509.84,48.0,114697.83,159266.72,5770.26,50339.17,48
POL0000834,WL,57.8,M,NS,966000.0,23611.08,41.2,205094.01,169035.19,7554.95,-28503.86,42
POL0000836,TERM,32.2,F,NS,361000.0,1693.72,8.0,8008.01,1751.92,1947.77,-4308.34,8
POL0000837,TERM,30.5,F,NS,3288000.0,18777.24,2.0,34799.85,4583.2,1401.89,-28814.76,2
POL0000838,WL,46.6,M,S,673000.0,12124.23,52.4,181320.89,200061.47,7244.99,25985.52,53
POL0000839,TERM,42.3,M,S,3613000.0,18769.32,9.0,108730.13,95294.56,4374.65,-9060.92,9
POL0000840,WL,30.8,F,NS,112000.0,2601.84,68.2,18306.46,1230.3,3935.89,-13140.26,69
POL0000841,TERM,57.3,F,NS,3247000.0,0.0,6.0,0.0,113849.03,1419.35,115268.38,6
POL0000843,TERM,43.8,F,NS,4965000.0,24393.09,14.0,233872.54,159108.32,7786.37,-66977.82,14
POL0000845,TERM,36.4,M,S,3076000.0,7361.4,6.0,32568.7,35215.84,2183.4,4830.55,6
POL0000846,TERM,56.8,F,NS,4197000.0,24423.44,3.0,68810.58,77597.8,2422.45,11209.67,3
POL0000847,ENDOW,58.5,M,NS,1829000.0,87582.0,21.0,978166.1,414720.33,24958.43,-181544.76,21
POL0000848,TERM,75.2,F,NS,4111000.0,8974.44,1.0,8974.44,137279.59,530.83,128835.98,1
POL0000849,TERM,31.2,M,S,4118000.0,18724.44,17.0,206526.67,122729.5,7405.18,-76392.0,17
POL0000850,TERM,62.6,M,NS,2828000.0,10987.23,1.0,10987.23,36821.5,577.34,26411.61,1
POL0000851,WL,55.4,F,NS,1632000.0,40414.56,43.6,369834.56,223353.99,11473.04,-135007.51,44
POL0000852,ENDOW,21.4,M,NS,2561000.0,150588.36,14.0,1462453.85,20533.68,35844.47,-241826.1,14
POL0000853,TERM,49.9,F,NS,559000.0,2526.08,16.0,19869.47,24831.25,3034.71,7996.51,16
POL0000854,TERM,45.8,F,NS,4725000.0,28610.04,14.0,170580.13,98242.81,6344.34,-65992.98,14
POL0000855,TERM,28.3,M,S,2658000.0,12811.84,14.0,162144.84,68977.7,6160.11,-87007.01,14
POL0000856,TERM,49.2,M,NS,2934000.0,12861.6,10.0,94550.41,130727.85,4165.79,40343.23,10
POL0000857,TERM,45.3,M,NS,4523000.0,22278.23,6.0,98349.04,72252.62,3689.81,-22406.63,6
POL0000858,TERM,28.3,M,NS,4927000.0,27830.96,13.0,255216.38,57275.04,8201.98,-189739.39,13
POL0000859,TERM,32.0,M,NS,2870000.0,10795.92,1.0,10795.92,3214.13,572.92,-7008.87,1
POL0000860,TERM,61.2,M,S,2140000.0,13847.52,19.0,185787.23,1040856.71,6638.01,861707.46,19
POL0000861,TERM,48.9,M,NS,3943000.0,31016.64,29.0,287058.48,337797.71,9615.34,60354.58,29
POL0000863,TERM,48.0,M,NS,1547000.0,3362.76,19.0,28185.8,85979.93,3401.87,61196.01,19
POL0000864,TERM,30.2,M,NS,1780000.0,11868.4,10.0,88854.12,17494.34,4068.6,-67291.16,10
POL0000865,ENDOW,63.7,M,NS,2132000.0,73604.75,6.0,349151.72,176052.63,9401.62,1013543.01,6
POL0000866,ENDOW,47.4,F,S,1883000.0,59032.32,14.0,556017.12,119485.31,15100.76,354260.57,14
POL0000867,ENDOW,38.9,F,NS,573000.0,18948.72,15.0,192023.51,13235.55,6928.58,71778.21,15
POL0000868,TERM,39.2,M,NS,884000.0,2305.68,2.0,4457.84,3308.14,701.97,-447.74,2
POL0000869,WL,31.8,M,NS,76000.0,1721.88,67.2,82616.64,82126.15,5356.11,4865.63,68
POL0000870,TERM,52.4,F,NS,941000.0,6889.54,9.0,39762.82,31241.9,2788.93,-5731.99,9
POL0000871,WL,42.3,M,S,966000.0,17202.48,56.7,116388.88,44950.28,5880.88,-65557.67,57
POL0000872,WL,41.7,M,NS,1331000.0,21709.92,57.3,216668.18,94190.25,8271.26,-114206.62,58
POL0000873,TERM,39.8,F,NS,2928000.0,20498.76,8.0,127946.19,33802.61,4689.22,-89454.37,8
POL0000874,TERM,45.8,F,NS,4917000.0,27705.72,20.0,180132.52,127249.07,6965.92,-45917.51,20
POL0000875,WL,35.8,F,NS,1642000.0,35405.96,63.2,658632.56,280295.32,18453.63,-359883.59,64
POL0000876,ENDOW,58.0,F,NS,1040000.0,45692.76,1.0,45692.76,6855.99,1379.22,802350.22,1
POL0000877,TERM,37.0,M,NS,1275000.0,7365.72,6.0,36195.91,11996.86,2268.52,-21930.51,6
POL0000878,WL,46.6,F,NS,1353000.0,26969.4,52.4,265591.72,109712.11,9339.41,-146540.24,53
POL0000880,TERM,59.6,F,NS,370000.0,2002.32,14.0,14318.69,33804.99,2667.55,22153.87,14
POL0000881,TERM,57.5,M,NS,1110000.0,5247.12,6.0,25298.63,54985.81,1993.08,31680.25,6
POL0000882,WL,38.2,M,S,1899000.0,27501.4,60.8,461856.54,444833.47,13821.16,-3201.86,61
POL0000883,TERM,42.4,M,NS,4025000.0,20913.0,16.0,129557.31,91160.89,5565.52,-32830.9,16
POL0000884,ENDOW,53.7,F,S,514000.0,19053.11,1.0,19053.11,3399.71,763.7,400159.22,1
POL0000885,TERM,57.3,F,S,1888000.0,9975.21,5.0,41334.37,85946.45,2186.6,46798.67,5
POL0000887,ENDOW,23.7,F,NS,524000.0,17417.64,18.0,287616.8,7526.6,9340.12,162109.65,18
POL0000888,WL,49.7,F,NS,1270000.0,16246.44,49.3,256078.52,337045.09,9041.75,90008.29,50
POL0000890,WL,55.2,M,NS,212000.0,2954.17,43.8,26301.67,33368.4,3550.69,10617.39,44
POL0000892,WL,38.6,M,NS,1074000.0,25548.12,60.4,176959.67,27220.78,7426.1,-142312.82,61
POL0000893,TERM,39.5,M,NS,3405000.0,9673.8,10.0,50832.79,44067.07,3192.48,-3573.26,10
POL0000894,WL,38.5,M,NS,1283000.0,25424.88,60.5,257472.01,75784.7,9254.36,-172433.0,61
POL0000895,TERM,42.6,F,S,3594000.0,12029.76,9.0,82124.25,88132.44,3770.81,9779.01,9
POL0000896,WL,60.7,F,S,240000.0,4694.32,38.3,38379.71,52039.7,3575.38,17235.39,39
POL0000898,ENDOW,35.8,M,NS,1918000.0,60518.04,14.0,454939.75,30350.07,12853.73,53576.29,14
POL0000899,WL,51.4,F,S,1902000.0,41407.92,47.6,593754.39,604098.88,16566.42,26910.88,48
POL0000900,WL,66.5,F,NS,677000.0,7017.36,32.5,55013.39,164345.66,3839.92,113172.2,33
POL0000901,TERM,53.7,F,S,594000.0,2962.19,11.0,18988.58,36382.79,2525.42,19919.64,11
POL0000904,ENDOW,44.0,F,NS,1792000.0,75478.84,11.0,496157.65,36211.43,13489.94,111427.76,11
POL0000905,ENDOW,43.8,M,S,2578000.0,84711.01,5.0,300978.07,39126.7,8168.33,850842.13,5
POL0000906,TERM,53.4,M,NS,2181000.0,7244.64,20.0,45635.91,137833.89,3773.84,95971.81,20
POL0000908,TERM,47.0,M,S,139000.0,1102.16,7.0,5391.88,4001.75,1712.67,322.55,7
POL0000909,ENDOW,57.3,M,NS,930000.0,55614.0,9.0,271100.79,49975.51,8055.81,1100.88,9
POL0000910,TERM,56.5,M,NS,2601000.0,14194.08,16.0,140475.08,366468.09,5685.38,231678.38,16
POL0000911,ENDOW,39.3,F,S,2681000.0,82053.48,14.0,786139.36,88458.39,20386.13,489854.71,14
POL0000912,TERM,61.3,M,NS,3710000.0,17495.76,2.0,32243.96,84761.7,1339.63,53857.37,2
POL0000913,TERM,44.2,M,NS,2769000.0,7326.4,11.0,39930.8,57631.27,3051.1,20751.6,11
POL0000914,TERM,33.7,M,NS,2633000.0,8653.92,14.0,65147.73,35720.35,3953.45,-25473.94,14
POL0000915,TERM,47.3,M,S,3080000.0,11459.04,14.0,67142.5,137028.57,3927.97,73814.05,14
POL0000916,WL,29.3,F,NS,1396000.0,23189.64,69.7,452737.31,195926.72,13828.22,-242982.45,70
POL0000917,WL,37.9,M,NS,102000.0,1631.28,61.1,29010.51,20357.78,4059.98,-4592.73,62
POL0000918,WL,51.4,M,NS,1824000.0,30690.6,47.6,285003.22,230635.03,9585.26,-44782.94,48
POL0000919,WL,29.1,F,S,969000.0,23717.97,69.9,246776.05,35857.81,9111.6,-201806.69,70
POL0000920,WL,46.1,M,NS,810000.0,8539.08,52.9,82628.47,77006.41,5106.66,-515.45,53
POL0000921,TERM,53.1,M,S,3102000.0,15516.12,16.0,92064.75,240218.09,4571.84,152725.18,16
POL0000922,TERM,40.4,M,S,914000.0,2069.17,24.0,27445.86,87411.42,3621.97,63587.51,24
POL0000923,TERM,43.2,M,NS,1832000.0,5012.04,2.0,9483.58,9215.1,817.63,549.16,2
POL0000924,ENDOW,47.9,F,NS,1745000.0,52904.16,7.0,294480.18,33960.45,8346.07,764515.32,7
POL0000925,WL,57.3,F,NS,490000.0,10137.24,41.7,90751.46,74889.92,5037.81,-10823.71,42
POL0000926,WL,27.9,F,NS,260000.0,6071.52,71.1,64101.61,6440.38,5003.66,-52657.66,72
POL0000927,WL,47.7,M,S,449000.0,8496.0,51.3,56223.81,29679.18,4372.03,-22172.61,52
POL0000929,TERM,35.3,M,NS,4525000.0,30399.84,26.0,287658.75,127191.4,9696.12,-150771.21,26
POL0000930,TERM,57.2,F,NS,4972000.0,24456.41,11.0,190243.42,389182.34,6437.43,205376.38,11
POL0000931,TERM,32.9,M,NS,801000.0,1676.46,7.0,7358.36,4667.61,1776.38,-914.34,7
POL0000932,TERM,68.6,M,NS,1750000.0,4662.6,15.0,38832.8,548396.94,3045.49,512609.61,15
POL0000933,TERM,52.3,M,S,3077000.0,21514.92,14.0,196028.91,366078.99,6818.92,176869.02,14
POL0000934,TERM,37.6,M,NS,2289000.0,6848.88,13.0,49501.08,39536.54,3495.16,-6469.37,13
POL0000935,WL,55.8,M,S,356000.0,8789.76,43.2,55033.2,40389.35,4062.55,-10581.34,44
POL0000936,WL,31.9,M,S,251000.0,5493.12,67.1,56228.89,12665.92,4706.16,-38856.84,68
POL0000937,TERM,30.1,M,NS,4636000.0,33730.08,1.0,33730.08,4543.67,1102.82,-28083.59,1
POL0000938,WL,60.0,M,NS,1798000.0,32079.72,39.0,271140.97,348860.97,8981.88,86701.84,40
POL0000939,WL,51.1,M,NS,885000.0,18214.74,47.9,120555.63,58339.28,5839.11,-56377.23,48
POL0000940,TERM,53.9,F,S,2002000.0,15676.4,9.0,104973.42,122643.25,4260.71,21930.53,9
POL0000941,WL,40.9,F,NS,480000.0,8578.32,58.1,348010.77,481542.29,11305.87,144837.34,59
POL0000942,TERM,36.5,F,NS,3619000.0,18430.16,4.0,60306.48,14713.32,2447.4,-43145.77,4
POL0000943,ENDOW,46.9,F,NS,1516000.0,50182.2,7.0,219340.15,20574.38,6630.98,307586.34,7
POL0000944,WL,53.3,M,NS,503000.0,10847.44,45.7,276139.09,460250.41,9299.13,193410.43,46
POL0000945,TERM,33.2,M,NS,1929000.0,7632.6,3.0,20723.4,6702.12,1319.46,-12701.81,3
POL0000947,ENDOW,44.7,M,NS,1477000.0,68989.01,17.0,559196.06,57944.51,15428.43,-227914.7,17
POL0000948,TERM,56.2,M,S,1676000.0,8566.56,3.0,24008.36,55662.94,1386.82,33041.41,3
POL0000949,WL,38.4,M,NS,713000.0,10767.72,60.6,109042.24,42115.77,5870.09,-61056.44,61
POL0000950,WL,38.4,M,NS,1101000.0,26756.4,60.6,1073941.09,1123980.5,27793.38,77832.77,61
POL0000951,TERM,41.8,M,NS,1178000.0,2984.4,24.0,40133.05,87717.25,3942.19,51526.34,24
POL0000952,ENDOW,44.9,F,NS,312000.0,12619.32,3.0,32798.4,1860.14,1596.78,169164.96,3
POL0000953,TERM,41.0,M,NS,4613000.0,28115.4,7.0,156812.62,70378.32,5194.87,-81239.42,7
POL0000954,TERM,66.5,M,NS,2607000.0,9251.28,6.0,39214.97,247597.54,2275.74,210658.31,6
POL0000955,WL,30.1,F,NS,50000.0,1023.84,68.9,19843.07,7251.45,3969.28,-8622.24,69
POL0000956,WL,40.2,F,NS,194000.0,2990.88,58.8,30390.81,10895.72,4088.92,-15406.14,59
POL0000957,TERM,32.2,F,NS,968000.0,4265.4,6.0,18937.82,4214.85,1875.66,-12847.32,6
POL0000959,WL,44.5,M,NS,783000.0,17657.51,54.5,598690.48,763095.43,16877.82,181282.67,55
POL0000960,TERM,55.2,M,NS,3973000.0,24549.6,3.0,66249.07,81875.32,2362.76,17989.01,3
POL0000962,ENDOW,36.5,F,NS,950000.0,52610.76,10.0,328731.1,9040.93,9555.56,18430.99,10
POL0000964,WL,58.0,M,NS,102000.0,1895.88,41.0,40311.9,90539.42,3752.52,53980.0,41
POL0000965,TERM,42.6,M,NS,2677000.0,14676.72,23.0,132500.82,117846.84,6005.73,-8648.27,23
POL0000966,TERM,47.1,M,NS,2823000.0,8842.8,2.0,17081.65,20187.81,992.49,4098.64,2
POL0000967,TERM,26.4,F,NS,4766000.0,33495.24,21.0,301093.48,42142.43,9835.24,-249115.83,21
POL0000968,ENDOW,36.6,M,NS,1441000.0,64209.24,18.0,735701.74,47025.2,19531.75,-134726.49,18
POL0000969,ENDOW,44.5,M,S,277000.0,14892.84,20.0,126396.96,17685.55,5679.91,-69457.16,20
POL0000970,TERM,28.7,M,S,3902000.0,13775.16,13.0,99809.25,50928.21,4650.62,-44230.44,13
POL0000971,WL,48.7,M,NS,651000.0,12383.52,50.3,83164.79,34558.71,5071.06,-43535.07,51
POL0000973,WL,31.8,F,NS,1312000.0,23093.28,67.2,162332.92,15528.81,7216.27,-139587.85,68
POL0000974,TERM,31.2,F,NS,3654000.0,11425.56,18.0,96694.23,40874.36,4990.92,-50828.96,18
POL0000975,TERM,60.5,M,NS,119000.0,439.92,15.0,3162.59,15300.64,2426.68,14564.7,15
POL0000976,TERM,59.3,F,NS,1590000.0,12618.24,11.0,97351.05,147528.06,4299.81,54476.85,11
POL0000977,TERM,62.0,M,NS,4487000.0,14294.64,20.0,110989.92,769587.46,5086.76,663684.33,20
POL0000978,TERM,51.4,F,NS,179000.0,627.44,1.0,627.44,694.1,337.97,404.63,1
POL0000979,TERM,31.2,M,NS,4191000.0,10061.88,2.0,18644.73,8372.44,1029.32,-9242.97,2
POL0000981,TERM,45.2,M,NS,4512000.0,18341.0,11.0,146020.08,161424.66,5470.21,20874.79,11
POL0000982,TERM,42.6,M,NS,3805000.0,9545.04,15.0,58098.21,82782.98,3855.24,28540.0,15
POL0000984,TERM,46.7,M,NS,3297000.0,16668.48,8.0,103245.28,88161.59,4111.5,-10972.18,8
POL0000985,WL,66.3,M,NS,1562000.0,38039.16,32.7,584478.72,1331610.72,15774.02,762906.03,33
POL0000987,ENDOW,45.1,M,S,2536000.0,115534.56,8.0,712450.59,89536.55,18050.9,786806.08,8
POL0000988,TERM,28.1,F,NS,2888000.0,13111.08,19.0,113530.75,27025.32,5442.31,-81063.11,19
POL0000989,TERM,48.4,M,S,2135000.0,10282.32,8.0,54794.15,81813.7,2988.01,30007.57,8
POL0000990,TERM,47.9,F,S,3120000.0,21257.88,15.0,161690.11,154858.98,6185.62,-645.51,15
POL0000991,ENDOW,55.6,F,NS,400000.0,23208.96,1.0,23208.96,2206.77,859.73,303239.05,1
POL0000992,TERM,52.8,F,S,1580000.0,12256.68,9.0,82290.61,89003.01,3746.29,10458.67,9
POL0000993,ENDOW,37.7,F,NS,238000.0,11475.85,7.0,50354.45,1531.83,2761.97,33443.68,7
POL0000994,WL,54.9,F,S,1791000.0,26221.68,44.1,354716.14,619392.89,11021.88,275698.69,45
POL0000995,ENDOW,22.8,F,NS,833000.0,43103.64,20.0,381358.32,5330.45,11617.25,-241329.91,20
POL0000997,WL,42.8,M,S,250000.0,5483.52,56.2,53048.29,23863.8,4431.63,-24752.77,57
POL0000998,WL,57.7,M,NS,885000.0,19882.2,41.3,258836.35,320823.17,8771.15,70757.93,42
POL0000999,WL,37.7,F,NS,1972000.0,34819.69,61.3,242943.01,36830.51,8989.32,-197123.2,62
POL0001000,TERM,42.2,M,NS,3845000.0,10971.72,5.0,46163.5,44423.84,2315.53,575.88,5
