policy_id,product_code,age_at_valuation,gender,sum_assured,remaining_term,bel,risk_adjustment,fcf,csm,icl,is_onerous,onerous_loss,ra_pct_bel,csm_pct_icl
POL0000001,WL,56.1,M,234000.0,42.9,20293.17,3018.61,23311.78,0.0,23311.78,True,23311.78,14.88,0.0
POL0000002,TERM,67.2,F,1213000.0,1.0,17170.79,2575.62,19746.41,0.0,19746.41,True,19746.41,15.0,0.0
POL0000003,TERM,43.5,F,2387000.0,16.0,22401.25,3545.0,25946.25,0.0,25946.25,True,25946.25,15.82,0.0
POL0000004,TERM,56.6,M,2431000.0,11.0,83490.59,12899.3,96389.89,0.0,96389.89,True,96389.89,15.45,0.0
POL0000005,TERM,53.4,F,3444000.0,16.0,91593.04,14494.6,106087.64,0.0,106087.64,True,106087.64,15.82,0.0
POL0000006,WL,49.1,F,323000.0,49.9,-26460.19,4051.72,-22408.47,22408.47,0.0,False,0.0,15.31,0.0
POL0000008,TERM,46.4,M,3941000.0,8.0,1267.58,192.99,1460.57,0.0,1460.57,True,1460.57,15.22,0.0
POL0000009,TERM,34.4,F,846000.0,29.0,-15587.37,2618.68,-12968.69,12968.69,0.0,False,0.0,16.8,0.0
POL0000010,TERM,36.7,M,4552000.0,12.0,-3166.73,491.63,-2675.1,2675.1,0.0,False,0.0,15.52,0.0
POL0000012,TERM,35.4,F,514000.0,25.0,3298.22,544.21,3842.43,0.0,3842.43,True,3842.43,16.5,0.0
POL0000013,TERM,29.2,F,1800000.0,30.0,89888.52,15168.69,105057.21,0.0,105057.21,True,105057.21,16.88,0.0
POL0000014,TERM,46.9,M,2420000.0,4.0,-822.24,123.34,-698.9,698.9,0.0,False,0.0,15.0,0.0
POL0000015,ENDOW,40.5,F,2033000.0,2.0,1337380.48,133738.05,1471118.53,0.0,1471118.53,True,1471118.53,10.0,0.0
POL0000016,ENDOW,43.7,M,2498000.0,7.0,1352414.53,136593.87,1489008.4,0.0,1489008.4,True,1489008.4,10.1,0.0
POL0000018,TERM,49.9,F,3759000.0,27.0,12931.02,2153.01,15084.03,0.0,15084.03,True,15084.03,16.65,0.0
POL0000019,TERM,40.1,M,3909000.0,3.0,-25727.38,3859.11,-21868.27,21868.27,0.0,False,0.0,15.0,0.0
POL0000020,TERM,40.8,F,2947000.0,26.0,-18386.61,3047.58,-15339.03,15339.03,0.0,False,0.0,16.57,0.0
POL0000021,TERM,40.2,F,3348000.0,5.0,-26945.32,4041.8,-22903.52,22903.52,0.0,False,0.0,15.0,0.0
POL0000022,WL,50.4,M,1934000.0,48.6,16163.0,2464.86,18627.86,0.0,18627.86,True,18627.86,15.25,0.0
POL0000023,TERM,23.9,F,2701000.0,4.0,-60453.67,9068.05,-51385.62,51385.62,0.0,False,0.0,15.0,0.0
POL0000024,WL,65.4,F,511000.0,33.6,9620.16,1376.89,10997.05,0.0,10997.05,True,10997.05,14.31,0.0
POL0000025,TERM,50.8,F,4613000.0,4.0,5970.64,895.6,6866.24,0.0,6866.24,True,6866.24,15.0,0.0
POL0000027,TERM,45.1,M,341000.0,6.0,-535.2,80.68,-454.52,454.52,-0.0,False,0.0,15.07,0.0
POL0000028,ENDOW,43.6,M,2416000.0,8.0,684025.73,69428.61,753454.34,0.0,753454.34,True,753454.34,10.15,0.0
POL0000029,WL,39.4,F,1297000.0,59.6,-84577.69,13479.57,-71098.12,71098.12,0.0,False,0.0,15.94,0.0
POL0000030,TERM,34.1,M,1555000.0,9.0,-49604.49,7589.49,-42015.0,42015.0,0.0,False,0.0,15.3,0.0
POL0000032,WL,57.1,M,1875000.0,41.9,100955.69,14954.06,115909.75,0.0,115909.75,True,115909.75,14.81,0.0
POL0000033,WL,28.7,F,235000.0,70.3,-20680.49,3360.58,-17319.91,17319.91,-0.0,False,0.0,16.25,0.0
POL0000034,WL,60.2,F,1219000.0,38.8,40168.47,5874.64,46043.11,0.0,46043.11,True,46043.11,14.62,0.0
POL0000035,WL,43.6,F,1537000.0,55.4,-125436.71,19677.88,-105758.83,105758.83,0.0,False,0.0,15.69,0.0
POL0000037,ENDOW,39.6,M,1785000.0,6.0,650039.29,65328.95,715368.24,0.0,715368.24,True,715368.24,10.05,0.0
POL0000038,TERM,42.2,M,3928000.0,10.0,-127767.23,19644.21,-108123.02,108123.02,0.0,False,0.0,15.37,0.0
POL0000039,ENDOW,50.1,F,2696000.0,4.0,1066629.37,106662.94,1173292.31,0.0,1173292.31,True,1173292.31,10.0,0.0
POL0000040,WL,53.7,M,1232000.0,45.3,234764.72,35361.44,270126.16,0.0,270126.16,True,270126.16,15.06,0.0
POL0000041,ENDOW,56.2,F,645000.0,8.0,205853.96,20894.18,226748.14,0.0,226748.14,True,226748.14,10.15,0.0
POL0000042,TERM,36.2,F,3579000.0,8.0,-57040.9,8684.48,-48356.42,48356.42,0.0,False,0.0,15.22,0.0
POL0000043,WL,42.6,M,1961000.0,56.4,-142239.59,22402.74,-119836.85,119836.85,0.0,False,0.0,15.75,0.0
POL0000044,ENDOW,47.0,M,2825000.0,15.0,-248955.77,26140.36,-222815.41,222815.41,0.0,False,0.0,10.5,0.0
POL0000045,TERM,41.4,M,3210000.0,14.0,-19864.96,3113.83,-16751.13,16751.13,0.0,False,0.0,15.67,0.0
POL0000046,TERM,50.2,M,2872000.0,7.0,2772.52,420.04,3192.56,0.0,3192.56,True,3192.56,15.15,0.0
POL0000047,WL,66.5,M,1050000.0,32.5,530307.79,75568.86,605876.65,0.0,605876.65,True,605876.65,14.25,0.0
POL0000048,TERM,58.1,F,453000.0,10.0,23664.62,3638.44,27303.06,0.0,27303.06,True,27303.06,15.37,0.0
POL0000049,TERM,34.4,F,1924000.0,11.0,-35504.19,5485.4,-30018.79,30018.79,0.0,False,0.0,15.45,0.0
POL0000050,ENDOW,41.9,F,1194000.0,10.0,207869.6,21306.63,229176.23,0.0,229176.23,True,229176.23,10.25,0.0
POL0000051,TERM,30.0,F,4211000.0,24.0,-53877.38,8849.36,-45028.02,45028.02,0.0,False,0.0,16.42,0.0
POL0000052,TERM,47.0,M,4545000.0,7.0,69788.92,10573.02,80361.94,0.0,80361.94,True,80361.94,15.15,0.0
POL0000053,TERM,47.1,M,3281000.0,13.0,-21155.25,3300.22,-17855.03,17855.03,0.0,False,0.0,15.6,0.0
POL0000054,ENDOW,61.3,M,1539000.0,9.0,422060.28,43050.15,465110.43,0.0,465110.43,True,465110.43,10.2,0.0
POL0000055,WL,57.4,M,1280000.0,41.6,11212.48,1660.85,12873.33,0.0,12873.33,True,12873.33,14.81,0.0
POL0000056,TERM,48.7,F,3545000.0,11.0,-32655.88,5045.33,-27610.55,27610.55,-0.0,False,0.0,15.45,0.0
POL0000057,WL,46.3,F,273000.0,52.7,-18194.3,2820.12,-15374.18,15374.18,0.0,False,0.0,15.5,0.0
POL0000058,ENDOW,43.0,M,171000.0,5.0,98527.07,9852.71,108379.78,0.0,108379.78,True,108379.78,10.0,0.0
POL0000059,TERM,38.2,F,4631000.0,14.0,30690.46,4810.73,35501.19,0.0,35501.19,True,35501.19,15.67,0.0
POL0000060,WL,43.1,F,1492000.0,55.9,-52605.84,8252.54,-44353.3,44353.3,0.0,False,0.0,15.69,0.0
POL0000061,WL,48.8,F,1796000.0,50.2,166075.58,25534.12,191609.7,0.0,191609.7,True,191609.7,15.38,0.0
POL0000062,TERM,50.4,F,1019000.0,5.0,2199.26,329.89,2529.15,0.0,2529.15,True,2529.15,15.0,0.0
POL0000063,TERM,42.7,M,3534000.0,10.0,25456.47,3913.93,29370.4,0.0,29370.4,True,29370.4,15.37,0.0
POL0000064,TERM,41.4,M,3209000.0,14.0,-19724.51,3091.82,-16632.69,16632.69,0.0,False,0.0,15.67,0.0
POL0000065,TERM,23.0,F,2695000.0,30.0,-176802.05,29835.35,-146966.7,146966.7,0.0,False,0.0,16.88,0.0
POL0000067,ENDOW,35.1,F,351000.0,8.0,39908.5,4050.71,43959.21,0.0,43959.21,True,43959.21,10.15,0.0
POL0000068,ENDOW,20.9,M,243000.0,17.0,-37977.92,4025.66,-33952.26,33952.26,0.0,False,0.0,10.6,0.0
POL0000070,TERM,33.8,M,4222000.0,20.0,-59861.24,9652.62,-50208.62,50208.62,0.0,False,0.0,16.12,0.0
POL0000072,TERM,52.9,M,2992000.0,4.0,44012.64,6601.9,50614.54,0.0,50614.54,True,50614.54,15.0,0.0
POL0000073,WL,44.3,F,936000.0,54.7,-155178.31,24246.61,-130931.7,130931.7,0.0,False,0.0,15.62,0.0
POL0000074,WL,54.8,F,669000.0,44.2,26496.16,3974.42,30470.58,0.0,30470.58,True,30470.58,15.0,0.0
POL0000075,WL,59.3,F,1786000.0,39.7,43072.28,6326.24,49398.52,0.0,49398.52,True,49398.52,14.69,0.0
POL0000076,ENDOW,60.8,M,1775000.0,13.0,127181.83,13226.91,140408.74,0.0,140408.74,True,140408.74,10.4,0.0
POL0000078,WL,42.3,F,1465000.0,56.7,274054.54,43163.59,317218.13,0.0,317218.13,True,317218.13,15.75,0.0
POL0000080,TERM,37.6,F,3694000.0,4.0,-33175.63,4976.34,-28199.29,28199.29,0.0,False,0.0,15.0,0.0
POL0000081,WL,41.6,F,1738000.0,57.4,-57608.53,9109.35,-48499.18,48499.18,0.0,False,0.0,15.81,0.0
POL0000082,TERM,57.8,F,1664000.0,11.0,47885.86,7398.37,55284.23,0.0,55284.23,True,55284.23,15.45,0.0
POL0000083,TERM,49.5,M,898000.0,8.0,12912.68,1965.96,14878.64,0.0,14878.64,True,14878.64,15.22,0.0
POL0000084,WL,55.3,F,412000.0,43.7,-3305.93,493.82,-2812.11,2812.11,0.0,False,0.0,14.94,0.0
POL0000086,ENDOW,55.2,M,1681000.0,9.0,366720.69,37405.51,404126.2,0.0,404126.2,True,404126.2,10.2,0.0
POL0000087,TERM,39.9,M,1551000.0,11.0,-17744.73,2741.56,-15003.17,15003.17,0.0,False,0.0,15.45,0.0
POL0000088,ENDOW,40.2,M,2547000.0,1.0,1966922.46,196692.25,2163614.71,0.0,2163614.71,True,2163614.71,10.0,0.0
POL0000089,ENDOW,59.3,F,772000.0,3.0,428349.92,42834.99,471184.91,0.0,471184.91,True,471184.91,10.0,0.0
POL0000091,WL,64.3,M,282000.0,34.7,80603.88,11586.81,92190.69,0.0,92190.69,True,92190.69,14.37,0.0
POL0000092,WL,57.7,M,1496000.0,41.3,941790.26,139502.68,1081292.94,0.0,1081292.94,True,1081292.94,14.81,0.0
POL0000093,WL,42.2,F,463000.0,56.8,-27513.14,4333.32,-23179.82,23179.82,0.0,False,0.0,15.75,0.0
POL0000094,TERM,46.3,M,846000.0,7.0,1315.35,199.28,1514.63,0.0,1514.63,True,1514.63,15.15,0.0
POL0000095,TERM,48.8,F,1779000.0,17.0,1932.37,307.25,2239.62,0.0,2239.62,True,2239.62,15.9,0.0
POL0000096,ENDOW,50.6,F,942000.0,9.0,275620.56,28113.3,303733.86,0.0,303733.86,True,303733.86,10.2,0.0
POL0000097,WL,55.4,M,1312000.0,43.6,25427.4,3798.22,29225.62,0.0,29225.62,True,29225.62,14.94,0.0
POL0000098,WL,51.7,F,687000.0,47.3,-25404.82,3858.36,-21546.46,21546.46,0.0,False,0.0,15.19,0.0
POL0000100,TERM,65.8,F,3459000.0,2.0,64401.75,9660.26,74062.01,0.0,74062.01,True,74062.01,15.0,0.0
POL0000102,ENDOW,37.9,F,1468000.0,15.0,118591.01,12452.06,131043.07,0.0,131043.07,True,131043.07,10.5,0.0
POL0000103,WL,37.5,M,1728000.0,61.5,-74211.12,11920.16,-62290.96,62290.96,0.0,False,0.0,16.06,0.0
POL0000105,TERM,47.1,M,4436000.0,1.0,4542.58,681.39,5223.97,0.0,5223.97,True,5223.97,15.0,0.0
POL0000107,TERM,55.3,M,3959000.0,12.0,211543.12,32842.07,244385.19,0.0,244385.19,True,244385.19,15.52,0.0
POL0000108,ENDOW,38.0,M,333000.0,20.0,27203.95,2924.42,30128.37,0.0,30128.37,True,30128.37,10.75,0.0
POL0000109,TERM,49.9,F,923000.0,10.0,342.23,52.62,394.85,0.0,394.85,True,394.85,15.37,0.0
POL0000110,TERM,41.5,M,3786000.0,26.0,-49798.51,8254.1,-41544.41,41544.41,0.0,False,0.0,16.57,0.0
POL0000111,WL,48.6,M,392000.0,50.4,207252.88,31865.13,239118.01,0.0,239118.01,True,239118.01,15.38,0.0
POL0000112,TERM,56.6,M,4377000.0,9.0,218097.12,33368.86,251465.98,0.0,251465.98,True,251465.98,15.3,0.0
POL0000113,WL,53.8,F,146000.0,45.2,-2075.22,312.58,-1762.64,1762.64,0.0,False,0.0,15.06,0.0
POL0000115,ENDOW,42.3,F,1436000.0,4.0,477574.64,47757.46,525332.1,0.0,525332.1,True,525332.1,10.0,0.0
POL0000116,TERM,37.4,F,2171000.0,11.0,-14802.28,2286.95,-12515.33,12515.33,-0.0,False,0.0,15.45,0.0
POL0000117,TERM,54.3,M,4453000.0,11.0,155755.95,24064.29,179820.24,0.0,179820.24,True,179820.24,15.45,0.0
POL0000119,ENDOW,46.0,M,2914000.0,1.0,2252101.75,225210.18,2477311.93,0.0,2477311.93,True,2477311.93,10.0,0.0
POL0000121,TERM,37.5,M,2817000.0,7.0,-26533.27,4019.79,-22513.48,22513.48,0.0,False,0.0,15.15,0.0
POL0000122,WL,46.3,M,1523000.0,52.7,400991.92,62153.75,463145.67,0.0,463145.67,True,463145.67,15.5,0.0
POL0000123,ENDOW,39.9,M,64000.0,2.0,40552.28,4055.23,44607.51,0.0,44607.51,True,44607.51,10.0,0.0
POL0000124,ENDOW,55.5,M,1026000.0,2.0,660058.85,66005.88,726064.73,0.0,726064.73,True,726064.73,10.0,0.0
POL0000126,TERM,52.2,F,3075000.0,8.0,25096.34,3820.92,28917.26,0.0,28917.26,True,28917.26,15.22,0.0
POL0000127,ENDOW,59.6,M,1585000.0,4.0,575419.53,57541.95,632961.48,0.0,632961.48,True,632961.48,10.0,0.0
POL0000128,WL,39.6,M,468000.0,59.4,-26400.86,4207.64,-22193.22,22193.22,0.0,False,0.0,15.94,0.0
POL0000129,TERM,49.7,F,3293000.0,2.0,-13328.18,1999.23,-11328.95,11328.95,0.0,False,0.0,15.0,0.0
POL0000130,ENDOW,38.5,F,940000.0,12.0,455112.14,47104.11,502216.25,0.0,502216.25,True,502216.25,10.35,0.0
POL0000133,WL,50.6,M,1945000.0,48.4,-71529.83,10908.3,-60621.53,60621.53,0.0,False,0.0,15.25,0.0
POL0000134,TERM,32.2,M,4660000.0,12.0,-15045.04,2335.74,-12709.3,12709.3,-0.0,False,0.0,15.52,0.0
POL0000135,WL,54.1,F,146000.0,44.9,2639.37,395.91,3035.28,0.0,3035.28,True,3035.28,15.0,0.0
POL0000136,WL,42.1,F,1255000.0,56.9,-216084.67,34033.34,-182051.33,182051.33,-0.0,False,0.0,15.75,0.0
POL0000137,TERM,41.4,F,996000.0,5.0,-14890.15,2233.52,-12656.63,12656.63,0.0,False,0.0,15.0,0.0
POL0000138,WL,46.1,M,259000.0,52.9,-15731.69,2438.41,-13293.28,13293.28,0.0,False,0.0,15.5,0.0
POL0000140,TERM,56.7,M,3931000.0,10.0,155729.74,23943.45,179673.19,0.0,179673.19,True,179673.19,15.37,0.0
POL0000141,WL,50.5,F,1634000.0,48.5,-150634.05,22971.69,-127662.36,127662.36,0.0,False,0.0,15.25,0.0
POL0000142,TERM,24.4,M,1436000.0,9.0,-46724.66,7148.87,-39575.79,39575.79,0.0,False,0.0,15.3,0.0
POL0000143,WL,56.3,F,392000.0,42.7,-9256.57,1376.91,-7879.66,7879.66,0.0,False,0.0,14.88,0.0
POL0000144,TERM,49.3,F,3933000.0,5.0,-43306.5,6495.98,-36810.52,36810.52,-0.0,False,0.0,15.0,0.0
POL0000145,TERM,52.2,M,3784000.0,15.0,110765.08,17445.5,128210.58,0.0,128210.58,True,128210.58,15.75,0.0
POL0000147,WL,50.4,M,981000.0,48.6,9195.6,1402.33,10597.93,0.0,10597.93,True,10597.93,15.25,0.0
POL0000148,TERM,37.1,M,4377000.0,10.0,-42479.92,6531.29,-35948.63,35948.63,0.0,False,0.0,15.37,0.0
POL0000149,ENDOW,44.4,M,626000.0,8.0,73925.89,7503.48,81429.37,0.0,81429.37,True,81429.37,10.15,0.0
POL0000150,TERM,41.0,M,4575000.0,5.0,-64120.12,9618.02,-54502.1,54502.1,-0.0,False,0.0,15.0,0.0
POL0000152,ENDOW,42.5,M,313000.0,14.0,-34686.93,3624.78,-31062.15,31062.15,0.0,False,0.0,10.45,0.0
POL0000155,TERM,54.5,M,4725000.0,9.0,181936.19,27836.24,209772.43,0.0,209772.43,True,209772.43,15.3,0.0
POL0000157,WL,56.2,F,1880000.0,42.8,294150.96,43754.96,337905.92,0.0,337905.92,True,337905.92,14.88,0.0
POL0000158,WL,33.1,M,1031000.0,65.9,-129887.33,21106.69,-108780.64,108780.64,0.0,False,0.0,16.25,0.0
POL0000160,WL,49.7,M,854000.0,49.3,69060.58,10574.9,79635.48,0.0,79635.48,True,79635.48,15.31,0.0
POL0000161,ENDOW,29.3,M,1993000.0,4.0,967515.8,96751.58,1064267.38,0.0,1064267.38,True,1064267.38,10.0,0.0
POL0000162,TERM,50.4,M,251000.0,8.0,-217.63,33.13,-184.5,184.5,0.0,False,0.0,15.22,0.0
POL0000164,WL,66.7,F,927000.0,32.3,268376.26,38243.62,306619.88,0.0,306619.88,True,306619.88,14.25,0.0
POL0000165,WL,47.5,M,1848000.0,51.5,-28111.5,4339.71,-23771.79,23771.79,0.0,False,0.0,15.44,0.0
POL0000166,ENDOW,35.2,M,1762000.0,4.0,890138.7,89013.87,979152.57,0.0,979152.57,True,979152.57,10.0,0.0
POL0000167,WL,38.0,M,381000.0,61.0,-22831.01,3652.96,-19178.05,19178.05,0.0,False,0.0,16.0,0.0
POL0000168,TERM,35.0,F,1608000.0,27.0,-87189.19,14517.0,-72672.19,72672.19,0.0,False,0.0,16.65,0.0
POL0000169,TERM,64.9,F,762000.0,3.0,16217.38,2432.61,18649.99,0.0,18649.99,True,18649.99,15.0,0.0
POL0000170,TERM,47.5,M,3740000.0,6.0,-40390.3,6088.84,-34301.46,34301.46,-0.0,False,0.0,15.07,0.0
POL0000171,WL,43.4,F,1224000.0,55.6,-46669.05,7321.21,-39347.84,39347.84,-0.0,False,0.0,15.69,0.0
POL0000172,TERM,38.8,M,1163000.0,4.0,898.29,134.74,1033.03,0.0,1033.03,True,1033.03,15.0,0.0
POL0000173,TERM,35.3,F,3171000.0,27.0,-66960.86,11148.98,-55811.88,55811.88,-0.0,False,0.0,16.65,0.0
POL0000174,ENDOW,51.4,M,711000.0,10.0,103121.12,10569.91,113691.03,0.0,113691.03,True,113691.03,10.25,0.0
POL0000175,ENDOW,38.5,M,2802000.0,5.0,1276450.39,127645.04,1404095.43,0.0,1404095.43,True,1404095.43,10.0,0.0
POL0000176,ENDOW,44.3,F,997000.0,19.0,-204288.47,21858.87,-182429.6,182429.6,0.0,False,0.0,10.7,0.0
POL0000177,WL,39.2,M,418000.0,59.8,-39143.56,6238.5,-32905.06,32905.06,0.0,False,0.0,15.94,0.0
POL0000178,TERM,60.1,M,418000.0,10.0,33293.43,5118.86,38412.29,0.0,38412.29,True,38412.29,15.37,0.0
POL0000180,TERM,35.1,M,4770000.0,7.0,-46374.52,7025.74,-39348.78,39348.78,0.0,False,0.0,15.15,0.0
POL0000181,TERM,37.6,M,3256000.0,15.0,-121764.77,19177.95,-102586.82,102586.82,0.0,False,0.0,15.75,0.0
POL0000183,ENDOW,30.1,M,2301000.0,17.0,-61771.19,6547.75,-55223.44,55223.44,0.0,False,0.0,10.6,0.0
POL0000184,ENDOW,44.3,F,503000.0,8.0,195310.82,19824.05,215134.87,0.0,215134.87,True,215134.87,10.15,0.0
POL0000186,TERM,45.7,F,1284000.0,1.0,-6186.81,928.02,-5258.79,5258.79,-0.0,False,0.0,15.0,0.0
POL0000187,TERM,35.9,F,2429000.0,4.0,-18612.03,2791.8,-15820.23,15820.23,0.0,False,0.0,15.0,0.0
POL0000188,TERM,37.9,F,4437000.0,24.0,-15520.03,2549.16,-12970.87,12970.87,0.0,False,0.0,16.42,0.0
POL0000189,TERM,46.9,M,1470000.0,3.0,-6897.21,1034.58,-5862.63,5862.63,0.0,False,0.0,15.0,0.0
POL0000190,TERM,38.3,M,1951000.0,4.0,-20051.09,3007.66,-17043.43,17043.43,0.0,False,0.0,15.0,0.0
POL0000191,TERM,44.3,F,3047000.0,16.0,13896.59,2199.14,16095.73,0.0,16095.73,True,16095.73,15.82,0.0
POL0000192,TERM,56.2,M,1748000.0,14.0,130754.27,20495.73,151250.0,0.0,151250.0,True,151250.0,15.67,0.0
POL0000193,ENDOW,50.8,M,1537000.0,3.0,1005703.09,100570.31,1106273.4,0.0,1106273.4,True,1106273.4,10.0,0.0
POL0000194,TERM,30.8,M,4292000.0,3.0,-48063.49,7209.52,-40853.97,40853.97,0.0,False,0.0,15.0,0.0
POL0000195,TERM,42.5,M,3407000.0,10.0,-14675.75,2256.4,-12419.35,12419.35,0.0,False,0.0,15.37,0.0
POL0000196,TERM,46.1,F,1779000.0,6.0,-11695.52,1763.1,-9932.42,9932.42,0.0,False,0.0,15.07,0.0
POL0000197,TERM,27.3,F,3597000.0,4.0,-35467.86,5320.18,-30147.68,30147.68,0.0,False,0.0,15.0,0.0
POL0000198,TERM,41.6,F,294000.0,25.0,8199.7,1352.95,9552.65,0.0,9552.65,True,9552.65,16.5,0.0
POL0000199,TERM,23.5,M,1707000.0,10.0,-11812.98,1816.25,-9996.73,9996.73,0.0,False,0.0,15.37,0.0
POL0000200,WL,45.3,M,1541000.0,53.7,-202371.57,31494.08,-170877.49,170877.49,0.0,False,0.0,15.56,0.0
POL0000201,TERM,57.6,F,557000.0,13.0,64773.93,10104.73,74878.66,0.0,74878.66,True,74878.66,15.6,0.0
POL0000202,ENDOW,53.7,M,175000.0,12.0,14718.91,1523.41,16242.32,0.0,16242.32,True,16242.32,10.35,0.0
POL0000203,TERM,52.0,F,2147000.0,15.0,17191.71,2707.69,19899.4,0.0,19899.4,True,19899.4,15.75,0.0
POL0000204,TERM,65.8,F,4841000.0,3.0,148533.12,22279.97,170813.09,0.0,170813.09,True,170813.09,15.0,0.0
POL0000205,WL,67.2,M,1150000.0,31.8,240006.29,34050.89,274057.18,0.0,274057.18,True,274057.18,14.19,0.0
POL0000206,TERM,37.5,F,4484000.0,10.0,-37920.34,5830.25,-32090.09,32090.09,0.0,False,0.0,15.37,0.0
POL0000208,TERM,29.5,M,4502000.0,13.0,-125693.58,19608.2,-106085.38,106085.38,0.0,False,0.0,15.6,0.0
POL0000209,WL,22.0,M,1759000.0,77.0,-226722.24,36842.36,-189879.88,189879.88,0.0,False,0.0,16.25,0.0
POL0000210,TERM,43.1,M,1383000.0,6.0,-5684.67,856.96,-4827.71,4827.71,0.0,False,0.0,15.07,0.0
POL0000212,TERM,39.0,F,3645000.0,9.0,-74161.97,11346.78,-62815.19,62815.19,0.0,False,0.0,15.3,0.0
POL0000213,ENDOW,43.1,M,1963000.0,10.0,283884.97,29098.21,312983.18,0.0,312983.18,True,312983.18,10.25,0.0
POL0000214,TERM,38.4,F,1532000.0,21.0,-58213.38,9430.57,-48782.81,48782.81,0.0,False,0.0,16.2,0.0
POL0000215,WL,63.5,M,1900000.0,35.5,301447.66,43521.51,344969.17,0.0,344969.17,True,344969.17,14.44,0.0
POL0000216,WL,49.5,M,1990000.0,49.5,-88276.77,13517.38,-74759.39,74759.39,0.0,False,0.0,15.31,0.0
POL0000218,TERM,51.5,F,1946000.0,7.0,21807.04,3303.77,25110.81,0.0,25110.81,True,25110.81,15.15,0.0
POL0000220,TERM,29.1,M,2787000.0,25.0,-100922.69,16652.24,-84270.45,84270.45,0.0,False,0.0,16.5,0.0
POL0000221,TERM,55.7,F,3360000.0,4.0,58956.28,8843.44,67799.72,0.0,67799.72,True,67799.72,15.0,0.0
POL0000222,TERM,41.5,M,835000.0,26.0,-5248.0,869.86,-4378.14,4378.14,0.0,False,0.0,16.57,0.0
POL0000223,TERM,33.3,M,3835000.0,15.0,29412.3,4632.44,34044.74,0.0,34044.74,True,34044.74,15.75,0.0
POL0000224,TERM,45.8,M,1362000.0,8.0,10597.76,1613.51,12211.27,0.0,12211.27,True,12211.27,15.22,0.0
POL0000226,WL,66.9,M,1079000.0,32.1,103440.53,14740.28,118180.81,0.0,118180.81,True,118180.81,14.25,0.0
POL0000227,ENDOW,38.0,F,1913000.0,3.0,1070301.61,107030.16,1177331.77,0.0,1177331.77,True,1177331.77,10.0,0.0
POL0000228,WL,47.2,F,902000.0,51.8,-110384.63,17040.63,-93344.0,93344.0,0.0,False,0.0,15.44,0.0
POL0000229,TERM,42.9,F,2967000.0,23.0,12374.88,2023.29,14398.17,0.0,14398.17,True,14398.17,16.35,0.0
POL0000230,WL,59.0,F,1078000.0,40.0,-4524.5,667.36,-3857.14,3857.14,0.0,False,0.0,14.75,0.0
POL0000231,ENDOW,31.8,F,1366000.0,20.0,-390401.3,41968.14,-348433.16,348433.16,0.0,False,0.0,10.75,0.0
POL0000232,TERM,31.9,M,1251000.0,15.0,-25866.28,4073.94,-21792.34,21792.34,0.0,False,0.0,15.75,0.0
POL0000233,ENDOW,32.4,M,200000.0,7.0,37925.47,3830.47,41755.94,0.0,41755.94,True,41755.94,10.1,0.0
POL0000235,WL,40.6,M,239000.0,58.4,-25934.97,4117.18,-21817.79,21817.79,0.0,False,0.0,15.88,0.0
POL0000237,WL,46.0,F,1918000.0,53.0,-253644.57,39473.44,-214171.13,214171.13,0.0,False,0.0,15.56,0.0
POL0000238,WL,47.2,M,1941000.0,51.8,-70826.89,10933.9,-59892.99,59892.99,0.0,False,0.0,15.44,0.0
POL0000239,ENDOW,60.2,M,824000.0,2.0,573311.27,57331.13,630642.4,0.0,630642.4,True,630642.4,10.0,0.0
POL0000240,WL,52.4,F,245000.0,46.6,-22381.84,3385.25,-18996.59,18996.59,0.0,False,0.0,15.12,0.0
POL0000241,ENDOW,37.5,M,411000.0,24.0,-28972.77,3172.52,-25800.25,25800.25,0.0,False,0.0,10.95,0.0
POL0000242,TERM,50.6,M,2310000.0,12.0,16482.54,2558.91,19041.45,0.0,19041.45,True,19041.45,15.52,0.0
POL0000243,ENDOW,55.6,M,2854000.0,2.0,1789520.72,178952.07,1968472.79,0.0,1968472.79,True,1968472.79,10.0,0.0
POL0000244,WL,21.9,M,1779000.0,77.1,-395044.85,64194.79,-330850.06,330850.06,0.0,False,0.0,16.25,0.0
POL0000245,TERM,50.6,F,4802000.0,5.0,-59367.32,8905.1,-50462.22,50462.22,0.0,False,0.0,15.0,0.0
POL0000246,TERM,46.2,M,4450000.0,17.0,28649.52,4555.27,33204.79,0.0,33204.79,True,33204.79,15.9,0.0
POL0000247,ENDOW,53.5,M,2596000.0,8.0,646614.15,65631.34,712245.49,0.0,712245.49,True,712245.49,10.15,0.0
POL0000248,ENDOW,46.9,F,1386000.0,12.0,39466.16,4084.75,43550.91,0.0,43550.91,True,43550.91,10.35,0.0
POL0000249,ENDOW,58.1,M,1500000.0,10.0,-35485.15,3637.23,-31847.92,31847.92,-0.0,False,0.0,10.25,0.0
POL0000250,WL,35.7,M,1185000.0,63.3,-133620.1,21629.75,-111990.35,111990.35,0.0,False,0.0,16.19,0.0
POL0000251,ENDOW,48.3,M,2231000.0,13.0,-125254.71,13026.49,-112228.22,112228.22,0.0,False,0.0,10.4,0.0
POL0000252,ENDOW,50.0,F,2468000.0,9.0,703552.04,71762.31,775314.35,0.0,775314.35,True,775314.35,10.2,0.0
POL0000253,ENDOW,37.9,F,728000.0,13.0,185313.81,19272.64,204586.45,0.0,204586.45,True,204586.45,10.4,0.0
POL0000254,TERM,38.1,F,159000.0,19.0,-1426.12,228.89,-1197.23,1197.23,0.0,False,0.0,16.05,0.0
POL0000255,TERM,40.2,F,2028000.0,29.0,38746.4,6509.4,45255.8,0.0,45255.8,True,45255.8,16.8,0.0
POL0000256,TERM,52.4,M,2919000.0,15.0,27702.0,4363.06,32065.06,0.0,32065.06,True,32065.06,15.75,0.0
POL0000259,WL,50.8,F,1609000.0,48.2,181394.16,27662.61,209056.77,0.0,209056.77,True,209056.77,15.25,0.0
POL0000260,TERM,47.0,M,3225000.0,1.0,5268.44,790.27,6058.71,0.0,6058.71,True,6058.71,15.0,0.0
POL0000261,TERM,44.8,F,4943000.0,12.0,-20814.98,3231.53,-17583.45,17583.45,0.0,False,0.0,15.52,0.0
POL0000262,ENDOW,61.9,M,401000.0,6.0,183274.2,18419.06,201693.26,0.0,201693.26,True,201693.26,10.05,0.0
POL0000264,WL,30.1,M,1491000.0,68.9,-126334.31,20529.33,-105804.98,105804.98,0.0,False,0.0,16.25,0.0
POL0000265,TERM,44.9,F,3284000.0,10.0,-19778.17,3040.89,-16737.28,16737.28,0.0,False,0.0,15.37,0.0
POL0000266,TERM,58.2,M,415000.0,9.0,21070.94,3223.85,24294.79,0.0,24294.79,True,24294.79,15.3,0.0
POL0000267,TERM,50.5,F,3764000.0,12.0,27784.7,4313.57,32098.27,0.0,32098.27,True,32098.27,15.52,0.0
POL0000268,TERM,41.7,M,277000.0,2.0,-593.77,89.07,-504.7,504.7,0.0,False,0.0,15.0,0.0
POL0000269,TERM,50.3,M,105000.0,13.0,5726.04,893.26,6619.3,0.0,6619.3,True,6619.3,15.6,0.0
POL0000271,ENDOW,44.7,M,1183000.0,7.0,676559.8,68332.54,744892.34,0.0,744892.34,True,744892.34,10.1,0.0
POL0000272,ENDOW,32.5,M,490000.0,20.0,-129753.73,13948.53,-115805.2,115805.2,0.0,False,0.0,10.75,0.0
POL0000273,ENDOW,57.3,M,72000.0,15.0,-6455.7,677.85,-5777.85,5777.85,0.0,False,0.0,10.5,0.0
POL0000274,WL,39.2,M,455000.0,59.8,-79616.76,12688.92,-66927.84,66927.84,0.0,False,0.0,15.94,0.0
POL0000275,TERM,19.6,M,4093000.0,28.0,-84543.96,14139.98,-70403.98,70403.98,-0.0,False,0.0,16.72,0.0
POL0000276,ENDOW,41.6,F,2744000.0,10.0,83922.46,8602.05,92524.51,0.0,92524.51,True,92524.51,10.25,0.0
POL0000277,ENDOW,35.6,F,809000.0,11.0,60129.75,6193.36,66323.11,0.0,66323.11,True,66323.11,10.3,0.0
POL0000278,TERM,54.6,F,2578000.0,13.0,136953.39,21364.73,158318.12,0.0,158318.12,True,158318.12,15.6,0.0
POL0000279,TERM,70.0,M,1282000.0,9.0,171363.51,26218.62,197582.13,0.0,197582.13,True,197582.13,15.3,0.0
POL0000280,TERM,30.9,M,3310000.0,24.0,-132971.98,21840.65,-111131.33,111131.33,-0.0,False,0.0,16.42,0.0
POL0000282,WL,52.0,M,229000.0,47.0,5839.13,883.17,6722.3,0.0,6722.3,True,6722.3,15.12,0.0
POL0000283,WL,47.5,M,1726000.0,51.5,142605.02,22014.65,164619.67,0.0,164619.67,True,164619.67,15.44,0.0
POL0000284,TERM,66.9,F,1003000.0,19.0,407794.14,65450.96,473245.1,0.0,473245.1,True,473245.1,16.05,0.0
POL0000285,WL,38.0,F,1841000.0,61.0,-251397.48,40223.6,-211173.88,211173.88,0.0,False,0.0,16.0,0.0
POL0000288,TERM,44.2,F,658000.0,6.0,-11285.79,1701.33,-9584.46,9584.46,-0.0,False,0.0,15.07,0.0
POL0000289,TERM,23.8,M,4826000.0,10.0,-34788.78,5348.77,-29440.01,29440.01,0.0,False,0.0,15.37,0.0
POL0000290,ENDOW,46.7,M,1941000.0,3.0,1164076.24,116407.62,1280483.86,0.0,1280483.86,True,1280483.86,10.0,0.0
POL0000291,TERM,42.2,M,3199000.0,5.0,-38062.46,5709.37,-32353.09,32353.09,0.0,False,0.0,15.0,0.0
POL0000292,TERM,64.8,M,2755000.0,6.0,192272.52,28985.08,221257.6,0.0,221257.6,True,221257.6,15.07,0.0
POL0000293,TERM,57.6,M,378000.0,1.0,1923.04,288.46,2211.5,0.0,2211.5,True,2211.5,15.0,0.0
POL0000294,TERM,37.9,F,3587000.0,15.0,-24153.12,3804.12,-20349.0,20349.0,0.0,False,0.0,15.75,0.0
POL0000295,TERM,35.0,M,4589000.0,8.0,-172078.89,26199.01,-145879.88,145879.88,0.0,False,0.0,15.22,0.0
POL0000297,TERM,45.8,F,4691000.0,1.0,-11496.56,1724.48,-9772.08,9772.08,0.0,False,0.0,15.0,0.0
POL0000298,WL,58.5,F,430000.0,40.5,73395.49,10825.83,84221.32,0.0,84221.32,True,84221.32,14.75,0.0
POL0000300,TERM,56.3,M,3536000.0,3.0,56216.98,8432.55,64649.53,0.0,64649.53,True,64649.53,15.0,0.0
POL0000301,TERM,50.0,M,3824000.0,5.0,35896.75,5384.51,41281.26,0.0,41281.26,True,41281.26,15.0,0.0
POL0000302,TERM,45.8,M,590000.0,14.0,38619.38,6053.59,44672.97,0.0,44672.97,True,44672.97,15.67,0.0
POL0000304,ENDOW,55.5,F,160000.0,2.0,105708.3,10570.83,116279.13,0.0,116279.13,True,116279.13,10.0,0.0
POL0000305,TERM,44.8,F,1218000.0,19.0,18515.46,2971.73,21487.19,0.0,21487.19,True,21487.19,16.05,0.0
POL0000306,WL,45.7,F,1649000.0,53.3,-158191.62,24618.57,-133573.05,133573.05,0.0,False,0.0,15.56,0.0
POL0000307,TERM,38.5,M,3180000.0,10.0,20678.44,3179.31,23857.75,0.0,23857.75,True,23857.75,15.37,0.0
POL0000308,TERM,54.9,M,2535000.0,3.0,35881.5,5382.22,41263.72,0.0,41263.72,True,41263.72,15.0,0.0
POL0000309,WL,38.3,M,1219000.0,60.7,194941.77,31190.68,226132.45,0.0,226132.45,True,226132.45,16.0,0.0
POL0000310,TERM,54.0,M,1625000.0,4.0,16722.62,2508.39,19231.01,0.0,19231.01,True,19231.01,15.0,0.0
POL0000311,ENDOW,53.2,M,2835000.0,4.0,1388721.95,138872.2,1527594.15,0.0,1527594.15,True,1527594.15,10.0,0.0
POL0000312,WL,50.0,F,713000.0,49.0,-21703.52,3323.35,-18380.17,18380.17,-0.0,False,0.0,15.31,0.0
POL0000313,WL,43.0,F,114000.0,56.0,-759.73,119.18,-640.55,640.55,0.0,False,0.0,15.69,0.0
POL0000314,WL,49.7,M,670000.0,49.3,-37388.01,5725.04,-31662.97,31662.97,0.0,False,0.0,15.31,0.0
POL0000315,WL,52.3,F,1791000.0,46.7,-119710.71,18106.24,-101604.47,101604.47,0.0,False,0.0,15.12,0.0
POL0000316,ENDOW,47.6,M,2606000.0,8.0,469818.75,47686.6,517505.35,0.0,517505.35,True,517505.35,10.15,0.0
POL0000317,TERM,51.9,M,4873000.0,25.0,1452196.37,239612.4,1691808.77,0.0,1691808.77,True,1691808.77,16.5,0.0
POL0000318,WL,40.7,M,1819000.0,58.3,-271063.13,43031.27,-228031.86,228031.86,-0.0,False,0.0,15.88,0.0
POL0000319,TERM,40.5,F,1568000.0,14.0,-25310.61,3967.44,-21343.17,21343.17,-0.0,False,0.0,15.67,0.0
POL0000320,ENDOW,47.8,M,1610000.0,7.0,705204.75,71225.68,776430.43,0.0,776430.43,True,776430.43,10.1,0.0
POL0000321,WL,63.0,F,1146000.0,36.0,35482.86,5145.01,40627.87,0.0,40627.87,True,40627.87,14.5,0.0
POL0000322,TERM,41.2,M,3427000.0,7.0,-20231.58,3065.08,-17166.5,17166.5,0.0,False,0.0,15.15,0.0
POL0000323,TERM,35.1,M,4521000.0,15.0,78839.89,12417.28,91257.17,0.0,91257.17,True,91257.17,15.75,0.0
POL0000324,WL,52.0,F,655000.0,47.0,-21232.83,3211.47,-18021.36,18021.36,0.0,False,0.0,15.12,0.0
POL0000325,WL,48.1,M,1868000.0,50.9,58468.91,8989.59,67458.5,0.0,67458.5,True,67458.5,15.38,0.0
POL0000327,TERM,51.3,F,4286000.0,2.0,-9254.41,1388.16,-7866.25,7866.25,0.0,False,0.0,15.0,0.0
POL0000329,WL,49.7,F,1542000.0,49.3,-131157.59,20083.51,-111074.08,111074.08,0.0,False,0.0,15.31,0.0
POL0000330,TERM,64.9,M,339000.0,1.0,3986.92,598.04,4584.96,0.0,4584.96,True,4584.96,15.0,0.0
POL0000331,TERM,29.4,F,2766000.0,15.0,-34905.6,5497.63,-29407.97,29407.97,0.0,False,0.0,15.75,0.0
POL0000332,ENDOW,68.2,M,1065000.0,2.0,729148.68,72914.87,802063.55,0.0,802063.55,True,802063.55,10.0,0.0
POL0000334,ENDOW,40.9,M,1365000.0,4.0,723758.89,72375.89,796134.78,0.0,796134.78,True,796134.78,10.0,0.0
POL0000335,TERM,34.7,F,3640000.0,15.0,-142764.37,22485.39,-120278.98,120278.98,0.0,False,0.0,15.75,0.0
POL0000337,TERM,56.1,M,120000.0,7.0,4723.87,715.67,5439.54,0.0,5439.54,True,5439.54,15.15,0.0
POL0000339,TERM,54.3,F,4437000.0,2.0,-3209.99,481.5,-2728.49,2728.49,0.0,False,0.0,15.0,0.0
POL0000340,TERM,52.1,F,1162000.0,15.0,45145.28,7110.38,52255.66,0.0,52255.66,True,52255.66,15.75,0.0
POL0000341,TERM,37.3,F,1311000.0,9.0,-14213.77,2174.71,-12039.06,12039.06,-0.0,False,0.0,15.3,0.0
POL0000342,TERM,44.9,M,381000.0,7.0,-6409.26,971.0,-5438.26,5438.26,0.0,False,0.0,15.15,0.0
POL0000343,TERM,38.2,M,1864000.0,9.0,-2135.83,326.78,-1809.05,1809.05,0.0,False,0.0,15.3,0.0
POL0000344,TERM,36.2,F,938000.0,8.0,-13362.99,2034.52,-11328.47,11328.47,0.0,False,0.0,15.22,0.0
POL0000345,ENDOW,49.5,F,1821000.0,16.0,-46373.22,4892.37,-41480.85,41480.85,0.0,False,0.0,10.55,0.0
POL0000346,TERM,44.4,M,2913000.0,5.0,10345.82,1551.87,11897.69,0.0,11897.69,True,11897.69,15.0,0.0
POL0000347,TERM,49.3,F,3796000.0,18.0,-2220.89,354.79,-1866.1,1866.1,0.0,False,0.0,15.97,0.0
POL0000348,TERM,34.4,F,4117000.0,2.0,-49701.61,7455.24,-42246.37,42246.37,0.0,False,0.0,15.0,0.0
POL0000349,ENDOW,50.2,F,2926000.0,25.0,-955301.98,105083.22,-850218.76,850218.76,0.0,False,0.0,11.0,0.0
POL0000350,TERM,59.9,F,1326000.0,5.0,28959.77,4343.97,33303.74,0.0,33303.74,True,33303.74,15.0,0.0
POL0000351,TERM,37.2,F,1463000.0,5.0,-8889.33,1333.4,-7555.93,7555.93,0.0,False,0.0,15.0,0.0
POL0000352,TERM,44.8,M,3344000.0,8.0,-88219.38,13431.4,-74787.98,74787.98,-0.0,False,0.0,15.22,0.0
POL0000354,ENDOW,44.6,F,2110000.0,4.0,818049.62,81804.96,899854.58,0.0,899854.58,True,899854.58,10.0,0.0
POL0000355,WL,51.6,F,80000.0,47.4,-195.56,29.7,-165.86,165.86,0.0,False,0.0,15.19,0.0
POL0000356,WL,45.5,F,1157000.0,53.5,-99843.58,15538.16,-84305.42,84305.42,0.0,False,0.0,15.56,0.0
POL0000357,TERM,70.4,M,3176000.0,15.0,1075285.2,169357.42,1244642.62,0.0,1244642.62,True,1244642.62,15.75,0.0
POL0000358,TERM,62.0,F,2127000.0,1.0,14510.04,2176.51,16686.55,0.0,16686.55,True,16686.55,15.0,0.0
POL0000359,WL,43.3,M,1323000.0,55.7,-202363.03,31745.7,-170617.33,170617.33,0.0,False,0.0,15.69,0.0
POL0000360,TERM,57.4,M,2016000.0,1.0,10705.56,1605.83,12311.39,0.0,12311.39,True,12311.39,15.0,0.0
POL0000361,TERM,50.6,M,4751000.0,6.0,7080.97,1067.46,8148.43,0.0,8148.43,True,8148.43,15.07,0.0
POL0000362,TERM,34.5,M,2120000.0,7.0,-47289.88,7164.42,-40125.46,40125.46,0.0,False,0.0,15.15,0.0
POL0000363,WL,54.3,M,1974000.0,44.7,-118362.9,17754.43,-100608.47,100608.47,0.0,False,0.0,15.0,0.0
POL0000364,WL,36.1,M,657000.0,62.9,-35807.42,5773.95,-30033.47,30033.47,0.0,False,0.0,16.12,0.0
POL0000365,WL,36.1,M,1635000.0,62.9,-203118.98,32752.94,-170366.04,170366.04,0.0,False,0.0,16.12,0.0
POL0000367,TERM,52.6,F,780000.0,20.0,24179.25,3898.9,28078.15,0.0,28078.15,True,28078.15,16.12,0.0
POL0000368,TERM,40.8,M,557000.0,16.0,2806.35,444.1,3250.45,0.0,3250.45,True,3250.45,15.82,0.0
POL0000369,ENDOW,48.5,M,921000.0,5.0,470337.64,47033.76,517371.4,0.0,517371.4,True,517371.4,10.0,0.0
POL0000370,WL,57.0,F,822000.0,42.0,137295.96,20422.77,157718.73,0.0,157718.73,True,157718.73,14.88,0.0
POL0000371,TERM,27.3,M,4774000.0,10.0,-86041.71,13228.91,-72812.8,72812.8,0.0,False,0.0,15.37,0.0
POL0000372,TERM,40.3,M,2261000.0,9.0,-6853.19,1048.54,-5804.65,5804.65,0.0,False,0.0,15.3,0.0
POL0000373,TERM,37.2,F,495000.0,15.0,-2093.66,329.75,-1763.91,1763.91,0.0,False,0.0,15.75,0.0
POL0000374,TERM,26.4,M,4274000.0,18.0,-107592.03,17187.83,-90404.2,90404.2,0.0,False,0.0,15.97,0.0
POL0000375,WL,58.3,M,134000.0,40.7,13180.54,1944.13,15124.67,0.0,15124.67,True,15124.67,14.75,0.0
POL0000376,WL,42.1,M,1810000.0,56.9,-199783.87,31465.96,-168317.91,168317.91,0.0,False,0.0,15.75,0.0
POL0000377,ENDOW,46.4,M,416000.0,3.0,250747.6,25074.76,275822.36,0.0,275822.36,True,275822.36,10.0,0.0
POL0000378,TERM,40.8,F,2455000.0,10.0,-2449.69,376.64,-2073.05,2073.05,0.0,False,0.0,15.37,0.0
POL0000379,WL,55.7,M,1707000.0,43.3,-89272.06,13335.01,-75937.05,75937.05,0.0,False,0.0,14.94,0.0
POL0000380,WL,35.8,M,1589000.0,63.2,287592.13,46553.98,334146.11,0.0,334146.11,True,334146.11,16.19,0.0
POL0000381,TERM,41.1,M,3281000.0,19.0,81940.21,13151.4,95091.61,0.0,95091.61,True,95091.61,16.05,0.0
POL0000382,TERM,49.0,M,3123000.0,11.0,50079.8,7737.33,57817.13,0.0,57817.13,True,57817.13,15.45,0.0
POL0000383,TERM,60.3,M,3465000.0,8.0,227015.35,34563.09,261578.44,0.0,261578.44,True,261578.44,15.22,0.0
POL0000384,TERM,55.6,F,2641000.0,13.0,57719.64,9004.26,66723.9,0.0,66723.9,True,66723.9,15.6,0.0
POL0000386,WL,55.0,M,1476000.0,44.0,9957.2,1493.58,11450.78,0.0,11450.78,True,11450.78,15.0,0.0
POL0000387,ENDOW,51.8,F,1610000.0,4.0,731165.42,73116.54,804281.96,0.0,804281.96,True,804281.96,10.0,0.0
POL0000388,WL,55.2,M,974000.0,43.8,654952.37,97833.51,752785.88,0.0,752785.88,True,752785.88,14.94,0.0
POL0000389,TERM,41.6,M,3230000.0,3.0,3154.24,473.14,3627.38,0.0,3627.38,True,3627.38,15.0,0.0
POL0000391,TERM,50.8,F,4053000.0,8.0,36007.16,5482.09,41489.25,0.0,41489.25,True,41489.25,15.22,0.0
POL0000392,WL,50.7,F,279000.0,48.3,-5934.04,904.94,-5029.1,5029.1,0.0,False,0.0,15.25,0.0
POL0000393,TERM,52.4,F,1031000.0,11.0,12862.37,1987.24,14849.61,0.0,14849.61,True,14849.61,15.45,0.0
POL0000394,TERM,36.0,F,449000.0,16.0,-7597.47,1202.3,-6395.17,6395.17,0.0,False,0.0,15.82,0.0
POL0000395,TERM,54.9,M,2828000.0,22.0,66908.42,10889.35,77797.77,0.0,77797.77,True,77797.77,16.27,0.0
POL0000396,TERM,60.2,M,3937000.0,25.0,568681.85,93832.51,662514.36,0.0,662514.36,True,662514.36,16.5,0.0
POL0000397,ENDOW,45.4,M,492000.0,11.0,86900.58,8950.76,95851.34,0.0,95851.34,True,95851.34,10.3,0.0
POL0000398,TERM,32.9,F,4450000.0,7.0,-140952.91,21354.37,-119598.54,119598.54,-0.0,False,0.0,15.15,0.0
POL0000399,WL,43.3,F,1623000.0,55.7,-92597.93,14526.3,-78071.63,78071.63,0.0,False,0.0,15.69,0.0
POL0000400,TERM,28.6,F,736000.0,6.0,-5578.81,841.01,-4737.8,4737.8,0.0,False,0.0,15.07,0.0
POL0000401,WL,38.7,M,1200000.0,60.3,-92195.69,14751.31,-77444.38,77444.38,0.0,False,0.0,16.0,0.0
POL0000402,WL,55.3,M,733000.0,43.7,42534.22,6353.55,48887.77,0.0,48887.77,True,48887.77,14.94,0.0
POL0000403,WL,53.7,M,1648000.0,45.3,719883.22,108432.41,828315.63,0.0,828315.63,True,828315.63,15.06,0.0
POL0000404,ENDOW,28.0,F,645000.0,14.0,106618.86,11141.67,117760.53,0.0,117760.53,True,117760.53,10.45,0.0
POL0000405,TERM,59.3,F,445000.0,1.0,4346.46,651.97,4998.43,0.0,4998.43,True,4998.43,15.0,0.0
POL0000406,TERM,39.4,F,4753000.0,19.0,-179772.91,28853.55,-150919.36,150919.36,-0.0,False,0.0,16.05,0.0
POL0000407,WL,22.8,M,1907000.0,76.2,-408601.14,66397.69,-342203.45,342203.45,0.0,False,0.0,16.25,0.0
POL0000408,WL,41.4,F,977000.0,57.6,-56061.82,8864.78,-47197.04,47197.04,0.0,False,0.0,15.81,0.0
POL0000409,WL,46.0,M,1461000.0,53.0,-156379.81,24238.87,-132140.94,132140.94,0.0,False,0.0,15.5,0.0
POL0000410,TERM,37.4,F,856000.0,11.0,-18536.02,2863.82,-15672.2,15672.2,0.0,False,0.0,15.45,0.0
POL0000412,TERM,48.0,F,901000.0,5.0,4883.43,732.51,5615.94,0.0,5615.94,True,5615.94,15.0,0.0
POL0000413,WL,52.7,M,1046000.0,46.3,197670.63,29897.68,227568.31,0.0,227568.31,True,227568.31,15.12,0.0
POL0000414,TERM,32.8,M,1610000.0,11.0,-46413.31,7170.86,-39242.45,39242.45,0.0,False,0.0,15.45,0.0
POL0000415,ENDOW,29.7,M,978000.0,15.0,-215533.25,22630.99,-192902.26,192902.26,0.0,False,0.0,10.5,0.0
POL0000416,TERM,36.7,F,4871000.0,2.0,-36455.99,5468.4,-30987.59,30987.59,0.0,False,0.0,15.0,0.0
POL0000417,TERM,49.8,F,1703000.0,4.0,4496.34,674.45,5170.79,0.0,5170.79,True,5170.79,15.0,0.0
POL0000418,TERM,42.8,F,298000.0,23.0,-2347.12,383.75,-1963.37,1963.37,0.0,False,0.0,16.35,0.0
POL0000419,ENDOW,39.9,M,2600000.0,13.0,-367574.06,38227.7,-329346.36,329346.36,0.0,False,0.0,10.4,0.0
POL0000421,TERM,27.9,M,2048000.0,8.0,-24594.76,3744.55,-20850.21,20850.21,0.0,False,0.0,15.22,0.0
POL0000422,WL,62.3,F,636000.0,36.7,173998.14,25229.73,199227.87,0.0,199227.87,True,199227.87,14.5,0.0
POL0000423,TERM,49.6,F,3649000.0,8.0,19903.68,3030.34,22934.02,0.0,22934.02,True,22934.02,15.22,0.0
POL0000424,WL,25.4,M,1349000.0,73.6,-128781.98,20927.07,-107854.91,107854.91,0.0,False,0.0,16.25,0.0
POL0000426,TERM,36.4,F,3548000.0,4.0,-23712.26,3556.84,-20155.42,20155.42,0.0,False,0.0,15.0,0.0
POL0000427,WL,47.6,F,1173000.0,51.4,-111393.02,17196.3,-94196.72,94196.72,0.0,False,0.0,15.44,0.0
POL0000428,ENDOW,39.2,M,2050000.0,2.0,1391797.14,139179.71,1530976.85,0.0,1530976.85,True,1530976.85,10.0,0.0
POL0000431,TERM,45.4,F,2388000.0,9.0,-5277.73,807.49,-4470.24,4470.24,0.0,False,0.0,15.3,0.0
POL0000432,WL,43.0,M,1804000.0,56.0,-147940.04,23300.56,-124639.48,124639.48,-0.0,False,0.0,15.75,0.0
POL0000433,TERM,38.5,M,3278000.0,12.0,-35116.26,5451.8,-29664.46,29664.46,-0.0,False,0.0,15.52,0.0
POL0000434,TERM,48.7,M,4975000.0,6.0,77514.49,11685.31,89199.8,0.0,89199.8,True,89199.8,15.07,0.0
POL0000435,TERM,59.6,M,4422000.0,19.0,298905.33,47974.31,346879.64,0.0,346879.64,True,346879.64,16.05,0.0
POL0000436,TERM,48.7,F,1768000.0,16.0,15580.53,2465.62,18046.15,0.0,18046.15,True,18046.15,15.82,0.0
POL0000437,WL,41.8,M,201000.0,57.2,-20263.64,3204.19,-17059.45,17059.45,0.0,False,0.0,15.81,0.0
POL0000438,ENDOW,51.0,M,2577000.0,5.0,960207.55,96020.76,1056228.31,0.0,1056228.31,True,1056228.31,10.0,0.0
POL0000439,WL,52.1,M,1563000.0,46.9,-22112.7,3344.55,-18768.15,18768.15,0.0,False,0.0,15.12,0.0
POL0000440,TERM,42.8,M,3989000.0,2.0,-23199.58,3479.94,-19719.64,19719.64,-0.0,False,0.0,15.0,0.0
POL0000441,TERM,37.9,F,2761000.0,19.0,-61159.35,9816.08,-51343.27,51343.27,0.0,False,0.0,16.05,0.0
POL0000442,TERM,44.4,F,1782000.0,8.0,-47809.82,7279.05,-40530.77,40530.77,0.0,False,0.0,15.22,0.0
POL0000443,TERM,72.0,F,1501000.0,2.0,67485.73,10122.86,77608.59,0.0,77608.59,True,77608.59,15.0,0.0
POL0000444,TERM,30.6,M,4628000.0,6.0,-80371.67,12116.03,-68255.64,68255.64,0.0,False,0.0,15.07,0.0
POL0000445,WL,52.3,M,905000.0,46.7,-37680.5,5699.18,-31981.32,31981.32,0.0,False,0.0,15.12,0.0
POL0000446,WL,30.9,M,62000.0,68.1,-2271.51,369.12,-1902.39,1902.39,-0.0,False,0.0,16.25,0.0
POL0000447,TERM,53.5,F,4353000.0,11.0,5371.04,829.83,6200.87,0.0,6200.87,True,6200.87,15.45,0.0
POL0000448,TERM,42.1,M,1019000.0,14.0,-26145.4,4098.29,-22047.11,22047.11,0.0,False,0.0,15.67,0.0
POL0000449,TERM,32.6,M,3014000.0,1.0,-12418.83,1862.82,-10556.01,10556.01,0.0,False,0.0,15.0,0.0
POL0000450,ENDOW,51.6,M,1645000.0,15.0,-166380.34,17469.94,-148910.4,148910.4,0.0,False,0.0,10.5,0.0
POL0000451,TERM,61.1,M,3955000.0,1.0,45176.16,6776.42,51952.58,0.0,51952.58,True,51952.58,15.0,0.0
POL0000452,ENDOW,27.9,M,510000.0,5.0,191301.08,19130.11,210431.19,0.0,210431.19,True,210431.19,10.0,0.0
POL0000453,TERM,44.3,M,1088000.0,17.0,-12761.97,2029.15,-10732.82,10732.82,0.0,False,0.0,15.9,0.0
POL0000454,TERM,47.9,F,4442000.0,18.0,74649.67,11925.28,86574.95,0.0,86574.95,True,86574.95,15.97,0.0
POL0000455,TERM,41.9,M,3510000.0,20.0,-23892.48,3852.66,-20039.82,20039.82,0.0,False,0.0,16.12,0.0
POL0000456,TERM,61.3,M,1767000.0,16.0,184817.99,29247.45,214065.44,0.0,214065.44,True,214065.44,15.82,0.0
POL0000458,TERM,45.7,M,2904000.0,2.0,10944.33,1641.65,12585.98,0.0,12585.98,True,12585.98,15.0,0.0
POL0000459,TERM,34.0,M,3769000.0,6.0,-97988.27,14771.73,-83216.54,83216.54,-0.0,False,0.0,15.07,0.0
POL0000460,TERM,36.8,F,2476000.0,26.0,-15906.12,2636.44,-13269.68,13269.68,0.0,False,0.0,16.57,0.0
POL0000461,TERM,20.8,F,3195000.0,27.0,-129830.68,21616.81,-108213.87,108213.87,0.0,False,0.0,16.65,0.0
POL0000462,WL,39.4,F,1328000.0,59.6,-50306.14,8017.54,-42288.6,42288.6,0.0,False,0.0,15.94,0.0
POL0000463,TERM,32.2,F,3602000.0,11.0,-39248.25,6063.85,-33184.4,33184.4,0.0,False,0.0,15.45,0.0
POL0000464,TERM,38.1,M,3171000.0,3.0,-8440.75,1266.11,-7174.64,7174.64,0.0,False,0.0,15.0,0.0
POL0000465,TERM,41.1,F,1197000.0,14.0,160.04,25.09,185.13,0.0,185.13,True,185.13,15.67,0.0
POL0000466,ENDOW,29.9,M,2126000.0,7.0,477784.65,48256.25,526040.9,0.0,526040.9,True,526040.9,10.1,0.0
POL0000467,WL,55.0,M,375000.0,44.0,43773.64,6566.05,50339.69,0.0,50339.69,True,50339.69,15.0,0.0
POL0000468,TERM,36.0,M,3659000.0,3.0,-18870.03,2830.5,-16039.53,16039.53,0.0,False,0.0,15.0,0.0
POL0000469,ENDOW,43.8,F,1923000.0,9.0,277524.36,28307.48,305831.84,0.0,305831.84,True,305831.84,10.2,0.0
POL0000470,TERM,41.1,F,1071000.0,15.0,15036.98,2368.32,17405.3,0.0,17405.3,True,17405.3,15.75,0.0
POL0000471,TERM,32.5,M,1225000.0,4.0,-6445.37,966.81,-5478.56,5478.56,0.0,False,0.0,15.0,0.0
POL0000472,WL,52.6,M,1121000.0,46.4,-54859.19,8297.45,-46561.74,46561.74,-0.0,False,0.0,15.12,0.0
POL0000473,TERM,61.4,F,1852000.0,9.0,84764.61,12968.99,97733.6,0.0,97733.6,True,97733.6,15.3,0.0
POL0000474,ENDOW,41.1,M,1082000.0,17.0,-74120.62,7856.79,-66263.83,66263.83,0.0,False,0.0,10.6,0.0
POL0000475,ENDOW,36.2,M,907000.0,18.0,-218027.33,23219.91,-194807.42,194807.42,0.0,False,0.0,10.65,0.0
POL0000476,WL,50.4,F,1731000.0,48.6,-73830.06,11259.08,-62570.98,62570.98,0.0,False,0.0,15.25,0.0
POL0000477,TERM,51.7,M,942000.0,13.0,26451.57,4126.44,30578.01,0.0,30578.01,True,30578.01,15.6,0.0
POL0000478,WL,40.4,F,1264000.0,58.6,-108580.92,17237.22,-91343.7,91343.7,0.0,False,0.0,15.88,0.0
POL0000479,TERM,32.9,M,958000.0,7.0,-16581.12,2512.04,-14069.08,14069.08,0.0,False,0.0,15.15,0.0
POL0000480,TERM,30.4,M,2858000.0,12.0,-117879.86,18300.85,-99579.01,99579.01,-0.0,False,0.0,15.52,0.0
POL0000481,ENDOW,31.9,M,1448000.0,4.0,592554.43,59255.44,651809.87,0.0,651809.87,True,651809.87,10.0,0.0
POL0000482,TERM,41.4,M,2134000.0,6.0,-33037.06,4980.34,-28056.72,28056.72,0.0,False,0.0,15.07,0.0
POL0000483,TERM,61.2,F,955000.0,16.0,68866.93,10898.19,79765.12,0.0,79765.12,True,79765.12,15.82,0.0
POL0000485,WL,33.0,F,1767000.0,66.0,-208555.69,33890.3,-174665.39,174665.39,0.0,False,0.0,16.25,0.0
POL0000486,TERM,32.2,M,197000.0,12.0,-3524.6,547.19,-2977.41,2977.41,0.0,False,0.0,15.52,0.0
POL0000487,TERM,45.9,F,2299000.0,6.0,7686.0,1158.66,8844.66,0.0,8844.66,True,8844.66,15.07,0.0
POL0000488,TERM,62.4,M,774000.0,5.0,36683.01,5502.45,42185.46,0.0,42185.46,True,42185.46,15.0,0.0
POL0000489,TERM,54.0,M,628000.0,9.0,11798.03,1805.1,13603.13,0.0,13603.13,True,13603.13,15.3,0.0
POL0000490,TERM,44.7,M,1087000.0,2.0,-7228.92,1084.34,-6144.58,6144.58,0.0,False,0.0,15.0,0.0
POL0000491,WL,40.1,F,882000.0,58.9,-120140.1,19072.24,-101067.86,101067.86,0.0,False,0.0,15.88,0.0
POL0000492,TERM,37.8,M,4593000.0,14.0,-215848.64,33834.27,-182014.37,182014.37,-0.0,False,0.0,15.67,0.0
POL0000493,WL,29.6,F,1476000.0,69.4,507810.33,82519.18,590329.51,0.0,590329.51,True,590329.51,16.25,0.0
POL0000494,TERM,39.5,F,1727000.0,11.0,-66173.82,10223.86,-55949.96,55949.96,-0.0,False,0.0,15.45,0.0
POL0000495,ENDOW,70.8,M,1859000.0,4.0,766422.0,76642.2,843064.2,0.0,843064.2,True,843064.2,10.0,0.0
POL0000496,TERM,56.1,M,1329000.0,7.0,27067.47,4100.72,31168.19,0.0,31168.19,True,31168.19,15.15,0.0
POL0000497,TERM,53.7,M,4333000.0,14.0,243947.25,38238.73,282185.98,0.0,282185.98,True,282185.98,15.67,0.0
POL0000498,TERM,27.8,F,888000.0,20.0,-56044.81,9037.23,-47007.58,47007.58,0.0,False,0.0,16.12,0.0
POL0000499,TERM,66.9,M,1561000.0,6.0,181496.58,27360.61,208857.19,0.0,208857.19,True,208857.19,15.07,0.0
POL0000500,ENDOW,57.4,F,2789000.0,9.0,456375.03,46550.25,502925.28,0.0,502925.28,True,502925.28,10.2,0.0
POL0000501,TERM,48.7,M,2196000.0,7.0,-19691.6,2983.28,-16708.32,16708.32,0.0,False,0.0,15.15,0.0
POL0000502,TERM,35.9,F,3636000.0,9.0,-114184.54,17470.23,-96714.31,96714.31,0.0,False,0.0,15.3,0.0
POL0000504,TERM,59.4,M,300000.0,3.0,6772.17,1015.83,7788.0,0.0,7788.0,True,7788.0,15.0,0.0
POL0000505,WL,38.2,M,1645000.0,60.8,-216510.27,34641.64,-181868.63,181868.63,0.0,False,0.0,16.0,0.0
POL0000507,ENDOW,56.0,F,1357000.0,2.0,912006.59,91200.66,1003207.25,0.0,1003207.25,True,1003207.25,10.0,0.0
POL0000508,TERM,49.7,F,4078000.0,2.0,-10372.05,1555.81,-8816.24,8816.24,0.0,False,0.0,15.0,0.0
POL0000509,WL,64.6,M,1508000.0,34.4,188875.19,27150.81,216026.0,0.0,216026.0,True,216026.0,14.37,0.0
POL0000510,TERM,34.5,M,3726000.0,4.0,-67490.68,10123.6,-57367.08,57367.08,0.0,False,0.0,15.0,0.0
POL0000511,TERM,43.5,F,3446000.0,9.0,14319.77,2190.92,16510.69,0.0,16510.69,True,16510.69,15.3,0.0
POL0000512,TERM,27.3,M,4572000.0,3.0,-22196.81,3329.52,-18867.29,18867.29,0.0,False,0.0,15.0,0.0
POL0000513,WL,68.6,M,538000.0,30.4,67867.93,9586.35,77454.28,0.0,77454.28,True,77454.28,14.12,0.0
POL0000514,WL,38.7,M,830000.0,60.3,-81598.53,13055.76,-68542.77,68542.77,0.0,False,0.0,16.0,0.0
POL0000515,TERM,43.2,M,813000.0,12.0,-2089.22,324.35,-1764.87,1764.87,0.0,False,0.0,15.52,0.0
POL0000516,TERM,52.4,F,1781000.0,6.0,2538.47,382.67,2921.14,0.0,2921.14,True,2921.14,15.07,0.0
POL0000517,WL,38.7,M,1122000.0,60.3,-118109.08,18897.45,-99211.63,99211.63,0.0,False,0.0,16.0,0.0
POL0000519,TERM,49.0,F,596000.0,13.0,-922.74,143.95,-778.79,778.79,0.0,False,0.0,15.6,0.0
POL0000521,WL,43.3,F,1448000.0,55.7,-242658.27,38067.02,-204591.25,204591.25,0.0,False,0.0,15.69,0.0
POL0000522,WL,48.9,M,68000.0,50.1,28636.33,4402.84,33039.17,0.0,33039.17,True,33039.17,15.38,0.0
POL0000523,TERM,41.0,M,2785000.0,14.0,49388.01,7741.57,57129.58,0.0,57129.58,True,57129.58,15.67,0.0
POL0000524,TERM,40.4,F,1212000.0,13.0,-45997.47,7175.61,-38821.86,38821.86,0.0,False,0.0,15.6,0.0
POL0000525,TERM,40.6,F,3701000.0,25.0,41287.85,6812.5,48100.35,0.0,48100.35,True,48100.35,16.5,0.0
POL0000526,TERM,41.7,M,3586000.0,9.0,-19958.46,3053.64,-16904.82,16904.82,0.0,False,0.0,15.3,0.0
POL0000527,TERM,30.8,F,2230000.0,23.0,-114864.11,18780.28,-96083.83,96083.83,0.0,False,0.0,16.35,0.0
POL0000528,TERM,53.4,M,3759000.0,2.0,29207.83,4381.17,33589.0,0.0,33589.0,True,33589.0,15.0,0.0
POL0000529,WL,61.3,M,1673000.0,37.7,52852.09,7696.59,60548.68,0.0,60548.68,True,60548.68,14.56,0.0
POL0000530,TERM,73.1,F,4351000.0,10.0,918726.93,141254.27,1059981.2,0.0,1059981.2,True,1059981.2,15.37,0.0
POL0000531,TERM,43.5,F,2719000.0,6.0,-46627.11,7029.04,-39598.07,39598.07,0.0,False,0.0,15.07,0.0
POL0000532,ENDOW,68.8,M,2288000.0,6.0,1311594.41,131815.24,1443409.65,0.0,1443409.65,True,1443409.65,10.05,0.0
POL0000535,TERM,55.3,F,4766000.0,10.0,104945.6,16135.39,121080.99,0.0,121080.99,True,121080.99,15.37,0.0
POL0000537,TERM,51.2,F,800000.0,6.0,5527.59,833.28,6360.87,0.0,6360.87,True,6360.87,15.07,0.0
POL0000538,WL,43.6,F,749000.0,55.4,-22761.13,3570.65,-19190.48,19190.48,0.0,False,0.0,15.69,0.0
POL0000540,ENDOW,48.3,M,2453000.0,5.0,1143746.1,114374.61,1258120.71,0.0,1258120.71,True,1258120.71,10.0,0.0
POL0000541,WL,57.3,F,1336000.0,41.7,161961.48,23990.54,185952.02,0.0,185952.02,True,185952.02,14.81,0.0
POL0000542,WL,40.7,F,172000.0,58.3,-13211.36,2097.3,-11114.06,11114.06,-0.0,False,0.0,15.88,0.0
POL0000543,WL,49.8,F,734000.0,49.2,-33076.5,5064.84,-28011.66,28011.66,0.0,False,0.0,15.31,0.0
POL0000544,TERM,66.9,M,3980000.0,2.0,114483.62,17172.54,131656.16,0.0,131656.16,True,131656.16,15.0,0.0
POL0000545,TERM,54.1,F,1947000.0,4.0,14604.93,2190.74,16795.67,0.0,16795.67,True,16795.67,15.0,0.0
POL0000546,ENDOW,48.3,M,2598000.0,13.0,-76785.3,7985.67,-68799.63,68799.63,0.0,False,0.0,10.4,0.0
POL0000547,WL,60.6,F,110000.0,38.4,14016.67,2049.94,16066.61,0.0,16066.61,True,16066.61,14.62,0.0
POL0000548,WL,39.4,M,614000.0,59.6,-24147.36,3848.49,-20298.87,20298.87,-0.0,False,0.0,15.94,0.0
POL0000549,TERM,50.8,F,3948000.0,7.0,-6017.64,911.67,-5105.97,5105.97,0.0,False,0.0,15.15,0.0
POL0000550,ENDOW,34.3,M,2550000.0,11.0,-207397.17,21361.91,-186035.26,186035.26,0.0,False,0.0,10.3,0.0
POL0000551,TERM,52.0,F,2378000.0,12.0,77979.51,12106.32,90085.83,0.0,90085.83,True,90085.83,15.52,0.0
POL0000552,ENDOW,38.8,M,1804000.0,20.0,-463851.59,49864.05,-413987.54,413987.54,-0.0,False,0.0,10.75,0.0
POL0000553,TERM,37.1,F,930000.0,7.0,-25635.05,3883.71,-21751.34,21751.34,0.0,False,0.0,15.15,0.0
POL0000554,TERM,45.9,M,1275000.0,4.0,-9643.69,1446.55,-8197.14,8197.14,-0.0,False,0.0,15.0,0.0
POL0000555,TERM,42.3,F,3370000.0,4.0,-30162.08,4524.31,-25637.77,25637.77,0.0,False,0.0,15.0,0.0
POL0000556,TERM,43.9,M,3373000.0,7.0,17633.11,2671.42,20304.53,0.0,20304.53,True,20304.53,15.15,0.0
POL0000557,WL,37.1,M,1261000.0,61.9,-101905.0,16368.49,-85536.51,85536.51,0.0,False,0.0,16.06,0.0
POL0000558,TERM,44.4,F,3363000.0,18.0,-26851.24,4289.49,-22561.75,22561.75,0.0,False,0.0,15.97,0.0
POL0000559,TERM,50.0,M,630000.0,12.0,1723.3,267.54,1990.84,0.0,1990.84,True,1990.84,15.52,0.0
POL0000560,WL,56.8,F,938000.0,42.2,-34473.46,5127.93,-29345.53,29345.53,0.0,False,0.0,14.88,0.0
POL0000561,WL,55.2,F,1532000.0,43.8,272515.08,40706.94,313222.02,0.0,313222.02,True,313222.02,14.94,0.0
POL0000564,TERM,48.8,M,4984000.0,14.0,73922.44,11587.34,85509.78,0.0,85509.78,True,85509.78,15.67,0.0
POL0000565,WL,50.3,M,489000.0,48.7,-495.78,75.61,-420.17,420.17,0.0,False,0.0,15.25,0.0
POL0000566,ENDOW,45.5,F,1031000.0,15.0,-92283.88,9689.81,-82594.07,82594.07,0.0,False,0.0,10.5,0.0
POL0000567,ENDOW,48.8,M,2442000.0,8.0,428654.53,43508.43,472162.96,0.0,472162.96,True,472162.96,10.15,0.0
POL0000568,TERM,25.3,F,4022000.0,9.0,-54220.92,8295.8,-45925.12,45925.12,0.0,False,0.0,15.3,0.0
POL0000569,WL,30.5,F,1098000.0,68.5,-99758.56,16210.77,-83547.79,83547.79,0.0,False,0.0,16.25,0.0
POL0000570,ENDOW,52.9,M,1135000.0,9.0,245477.19,25038.67,270515.86,0.0,270515.86,True,270515.86,10.2,0.0
POL0000571,TERM,36.6,F,4329000.0,10.0,-18497.58,2844.0,-15653.58,15653.58,-0.0,False,0.0,15.37,0.0
POL0000572,TERM,51.3,M,672000.0,3.0,4526.11,678.92,5205.03,0.0,5205.03,True,5205.03,15.0,0.0
POL0000573,TERM,38.7,F,1028000.0,6.0,409.48,61.73,471.21,0.0,471.21,True,471.21,15.07,0.0
POL0000574,WL,27.6,M,1619000.0,71.4,-202874.22,32967.06,-169907.16,169907.16,0.0,False,0.0,16.25,0.0
POL0000575,TERM,40.5,M,2853000.0,9.0,-48277.68,7386.49,-40891.19,40891.19,0.0,False,0.0,15.3,0.0
POL0000576,TERM,57.7,F,2022000.0,4.0,23733.5,3560.02,27293.52,0.0,27293.52,True,27293.52,15.0,0.0
POL0000577,TERM,36.8,M,3337000.0,13.0,-116346.09,18149.99,-98196.1,98196.1,0.0,False,0.0,15.6,0.0
POL0000578,ENDOW,34.8,M,180000.0,18.0,-41229.35,4390.93,-36838.42,36838.42,0.0,False,0.0,10.65,0.0
POL0000579,WL,52.6,M,337000.0,46.4,-165.11,24.97,-140.14,140.14,-0.0,False,0.0,15.12,0.0
POL0000580,TERM,45.6,F,861000.0,26.0,-6447.04,1068.6,-5378.44,5378.44,-0.0,False,0.0,16.57,0.0
POL0000581,TERM,48.8,F,656000.0,4.0,3304.57,495.69,3800.26,0.0,3800.26,True,3800.26,15.0,0.0
POL0000582,TERM,33.0,F,2162000.0,5.0,-48414.06,7262.11,-41151.95,41151.95,0.0,False,0.0,15.0,0.0
POL0000583,TERM,54.1,F,4821000.0,8.0,160255.89,24398.96,184654.85,0.0,184654.85,True,184654.85,15.22,0.0
POL0000584,TERM,37.9,F,2463000.0,27.0,-79011.44,13155.4,-65856.04,65856.04,-0.0,False,0.0,16.65,0.0
POL0000585,TERM,45.6,F,238000.0,1.0,351.44,52.72,404.16,0.0,404.16,True,404.16,15.0,0.0
POL0000586,WL,59.9,M,1551000.0,39.1,30568.45,4489.74,35058.19,0.0,35058.19,True,35058.19,14.69,0.0
POL0000587,WL,55.2,F,1453000.0,43.8,444596.63,66411.62,511008.25,0.0,511008.25,True,511008.25,14.94,0.0
POL0000588,WL,51.7,M,1024000.0,47.3,134117.27,20369.06,154486.33,0.0,154486.33,True,154486.33,15.19,0.0
POL0000589,ENDOW,43.1,M,2858000.0,6.0,791718.67,79567.73,871286.4,0.0,871286.4,True,871286.4,10.05,0.0
POL0000590,TERM,36.5,F,639000.0,25.0,2501.12,412.68,2913.8,0.0,2913.8,True,2913.8,16.5,0.0
POL0000591,TERM,54.9,M,2400000.0,13.0,100236.87,15636.95,115873.82,0.0,115873.82,True,115873.82,15.6,0.0
POL0000592,ENDOW,57.4,F,888000.0,16.0,-99963.74,10546.17,-89417.57,89417.57,0.0,False,0.0,10.55,0.0
POL0000593,WL,57.4,F,584000.0,41.6,316191.37,46835.85,363027.22,0.0,363027.22,True,363027.22,14.81,0.0
POL0000594,TERM,45.9,F,1859000.0,21.0,27413.87,4441.05,31854.92,0.0,31854.92,True,31854.92,16.2,0.0
POL0000595,TERM,56.8,F,1551000.0,7.0,31454.13,4765.3,36219.43,0.0,36219.43,True,36219.43,15.15,0.0
POL0000596,WL,50.4,F,588000.0,48.6,-52822.38,8055.41,-44766.97,44766.97,0.0,False,0.0,15.25,0.0
POL0000597,TERM,43.0,M,862000.0,13.0,20891.86,3259.13,24150.99,0.0,24150.99,True,24150.99,15.6,0.0
POL0000598,WL,68.7,M,457000.0,30.3,61548.64,8693.75,70242.39,0.0,70242.39,True,70242.39,14.12,0.0
POL0000599,ENDOW,58.1,M,2640000.0,3.0,1444726.41,144472.64,1589199.05,0.0,1589199.05,True,1589199.05,10.0,0.0
POL0000601,TERM,63.3,M,2918000.0,9.0,234916.37,35942.2,270858.57,0.0,270858.57,True,270858.57,15.3,0.0
POL0000602,WL,43.9,M,626000.0,55.1,-51616.37,8097.32,-43519.05,43519.05,0.0,False,0.0,15.69,0.0
POL0000603,TERM,54.9,F,1202000.0,1.0,-994.44,149.17,-845.27,845.27,-0.0,False,0.0,15.0,0.0
POL0000604,WL,45.9,F,1234000.0,53.1,-107249.28,16690.67,-90558.61,90558.61,0.0,False,0.0,15.56,0.0
POL0000605,TERM,39.9,M,4356000.0,7.0,-128193.63,19421.33,-108772.3,108772.3,0.0,False,0.0,15.15,0.0
POL0000606,TERM,42.3,F,886000.0,7.0,2559.84,387.82,2947.66,0.0,2947.66,True,2947.66,15.15,0.0
POL0000607,WL,67.4,F,1761000.0,31.6,1182072.02,167706.47,1349778.49,0.0,1349778.49,True,1349778.49,14.19,0.0
POL0000608,WL,52.8,F,1517000.0,46.2,143302.53,21674.51,164977.04,0.0,164977.04,True,164977.04,15.12,0.0
POL0000609,ENDOW,39.7,M,1060000.0,5.0,326056.23,32605.62,358661.85,0.0,358661.85,True,358661.85,10.0,0.0
POL0000610,TERM,40.5,F,941000.0,8.0,-15687.61,2388.44,-13299.17,13299.17,0.0,False,0.0,15.22,0.0
POL0000611,TERM,55.3,F,4244000.0,2.0,4701.78,705.27,5407.05,0.0,5407.05,True,5407.05,15.0,0.0
POL0000612,ENDOW,46.4,M,2569000.0,1.0,1949979.59,194997.96,2144977.55,0.0,2144977.55,True,2144977.55,10.0,0.0
POL0000613,ENDOW,38.4,M,1530000.0,1.0,1159882.62,115988.26,1275870.88,0.0,1275870.88,True,1275870.88,10.0,0.0
POL0000614,WL,51.7,M,1527000.0,47.3,-63244.39,9605.24,-53639.15,53639.15,0.0,False,0.0,15.19,0.0
POL0000615,TERM,50.9,M,4333000.0,2.0,28525.58,4278.84,32804.42,0.0,32804.42,True,32804.42,15.0,0.0
POL0000616,TERM,44.5,M,2031000.0,15.0,32422.35,5106.52,37528.87,0.0,37528.87,True,37528.87,15.75,0.0
POL0000619,WL,53.6,M,168000.0,45.4,14121.54,2127.06,16248.6,0.0,16248.6,True,16248.6,15.06,0.0
POL0000620,WL,45.5,F,1646000.0,53.5,-15126.83,2354.11,-12772.72,12772.72,0.0,False,0.0,15.56,0.0
POL0000621,ENDOW,56.7,M,2025000.0,6.0,625637.38,62876.56,688513.94,0.0,688513.94,True,688513.94,10.05,0.0
POL0000622,TERM,46.6,M,4263000.0,17.0,9632.09,1531.5,11163.59,0.0,11163.59,True,11163.59,15.9,0.0
POL0000623,TERM,53.0,M,3447000.0,23.0,378973.16,61962.11,440935.27,0.0,440935.27,True,440935.27,16.35,0.0
POL0000624,ENDOW,41.0,F,1091000.0,6.0,273445.25,27481.25,300926.5,0.0,300926.5,True,300926.5,10.05,0.0
POL0000625,TERM,52.7,F,1780000.0,3.0,-6578.56,986.78,-5591.78,5591.78,-0.0,False,0.0,15.0,0.0
POL0000627,WL,25.1,F,1689000.0,73.9,-252317.83,41001.65,-211316.18,211316.18,0.0,False,0.0,16.25,0.0
POL0000629,TERM,40.3,F,1726000.0,1.0,-2820.8,423.12,-2397.68,2397.68,-0.0,False,0.0,15.0,0.0
POL0000630,TERM,27.3,F,182000.0,3.0,-2186.38,327.96,-1858.42,1858.42,0.0,False,0.0,15.0,0.0
POL0000631,WL,73.2,F,136000.0,25.8,42664.81,5893.08,48557.89,0.0,48557.89,True,48557.89,13.81,0.0
POL0000632,ENDOW,53.6,M,1078000.0,1.0,831563.78,83156.38,914720.16,0.0,914720.16,True,914720.16,10.0,0.0
POL0000633,TERM,34.0,M,1982000.0,9.0,-8088.43,1237.53,-6850.9,6850.9,-0.0,False,0.0,15.3,0.0
POL0000634,WL,53.3,F,1443000.0,45.7,-76795.12,11567.26,-65227.86,65227.86,0.0,False,0.0,15.06,0.0
POL0000636,TERM,40.0,M,2559000.0,17.0,-37761.85,6004.13,-31757.72,31757.72,0.0,False,0.0,15.9,0.0
POL0000637,ENDOW,54.1,M,1697000.0,16.0,-105452.27,11125.21,-94327.06,94327.06,0.0,False,0.0,10.55,0.0
POL0000640,WL,38.5,M,505000.0,60.5,-23724.08,3795.85,-19928.23,19928.23,-0.0,False,0.0,16.0,0.0
POL0000641,TERM,30.2,M,2636000.0,8.0,-63313.38,9639.46,-53673.92,53673.92,0.0,False,0.0,15.22,0.0
POL0000642,TERM,36.1,M,1708000.0,17.0,-552.7,87.88,-464.82,464.82,-0.0,False,0.0,15.9,0.0
POL0000643,ENDOW,60.3,F,1845000.0,5.0,667187.56,66718.76,733906.32,0.0,733906.32,True,733906.32,10.0,0.0
POL0000644,TERM,52.6,M,4743000.0,13.0,164463.53,25656.31,190119.84,0.0,190119.84,True,190119.84,15.6,0.0
POL0000645,ENDOW,50.7,F,2254000.0,1.0,1724390.52,172439.05,1896829.57,0.0,1896829.57,True,1896829.57,10.0,0.0
POL0000646,TERM,63.4,F,3976000.0,5.0,126534.32,18980.15,145514.47,0.0,145514.47,True,145514.47,15.0,0.0
POL0000648,TERM,40.4,M,2788000.0,10.0,-26090.2,4011.37,-22078.83,22078.83,0.0,False,0.0,15.37,0.0
POL0000649,ENDOW,48.7,F,1914000.0,19.0,-334425.14,35783.49,-298641.65,298641.65,0.0,False,0.0,10.7,0.0
POL0000650,ENDOW,57.3,M,333000.0,2.0,201622.64,20162.26,221784.9,0.0,221784.9,True,221784.9,10.0,0.0
POL0000651,WL,38.3,M,1144000.0,60.7,-140371.29,22459.41,-117911.88,117911.88,0.0,False,0.0,16.0,0.0
POL0000652,ENDOW,60.6,F,1906000.0,5.0,651453.25,65145.32,716598.57,0.0,716598.57,True,716598.57,10.0,0.0
POL0000653,TERM,39.1,F,4208000.0,4.0,-38034.78,5705.22,-32329.56,32329.56,0.0,False,0.0,15.0,0.0
POL0000654,WL,49.0,M,1633000.0,50.0,25022.19,3847.16,28869.35,0.0,28869.35,True,28869.35,15.38,0.0
POL0000656,TERM,59.8,M,1330000.0,9.0,39851.88,6097.34,45949.22,0.0,45949.22,True,45949.22,15.3,0.0
POL0000657,TERM,57.1,F,4446000.0,4.0,63373.99,9506.1,72880.09,0.0,72880.09,True,72880.09,15.0,0.0
POL0000658,ENDOW,43.9,M,910000.0,17.0,-68716.43,7283.94,-61432.49,61432.49,0.0,False,0.0,10.6,0.0
POL0000659,TERM,59.3,F,936000.0,1.0,7422.67,1113.4,8536.07,0.0,8536.07,True,8536.07,15.0,0.0
POL0000660,WL,50.3,F,1347000.0,48.7,-41753.47,6367.4,-35386.07,35386.07,0.0,False,0.0,15.25,0.0
POL0000661,TERM,49.2,F,4211000.0,7.0,66555.53,10083.16,76638.69,0.0,76638.69,True,76638.69,15.15,0.0
POL0000662,TERM,74.2,M,4201000.0,8.0,840685.08,127994.3,968679.38,0.0,968679.38,True,968679.38,15.22,0.0
POL0000663,TERM,37.1,M,405000.0,30.0,20949.01,3535.15,24484.16,0.0,24484.16,True,24484.16,16.88,0.0
POL0000664,TERM,48.5,F,2704000.0,5.0,-37692.87,5653.93,-32038.94,32038.94,-0.0,False,0.0,15.0,0.0
POL0000666,WL,44.5,M,1370000.0,54.5,48046.77,7507.31,55554.08,0.0,55554.08,True,55554.08,15.62,0.0
POL0000667,WL,34.1,F,1462000.0,64.9,-274978.56,44684.02,-230294.54,230294.54,0.0,False,0.0,16.25,0.0
POL0000668,ENDOW,72.5,F,2575000.0,2.0,1614947.28,161494.73,1776442.01,0.0,1776442.01,True,1776442.01,10.0,0.0
POL0000669,WL,38.7,F,434000.0,60.3,-19922.45,3187.59,-16734.86,16734.86,0.0,False,0.0,16.0,0.0
POL0000670,WL,57.9,M,1947000.0,41.1,182768.61,27072.6,209841.21,0.0,209841.21,True,209841.21,14.81,0.0
POL0000671,TERM,37.9,M,898000.0,23.0,-11873.32,1941.29,-9932.03,9932.03,0.0,False,0.0,16.35,0.0
POL0000672,WL,55.5,F,1424000.0,43.5,51439.61,7683.79,59123.4,0.0,59123.4,True,59123.4,14.94,0.0
POL0000673,WL,42.3,M,389000.0,56.7,-18913.55,2978.88,-15934.67,15934.67,0.0,False,0.0,15.75,0.0
POL0000674,ENDOW,37.7,M,627000.0,13.0,19448.77,2022.67,21471.44,0.0,21471.44,True,21471.44,10.4,0.0
POL0000675,TERM,51.3,M,4944000.0,6.0,54406.45,8201.77,62608.22,0.0,62608.22,True,62608.22,15.07,0.0
POL0000676,TERM,42.7,F,2888000.0,13.0,-80202.28,12511.56,-67690.72,67690.72,0.0,False,0.0,15.6,0.0
POL0000677,TERM,37.1,F,2618000.0,27.0,-65590.01,10920.74,-54669.27,54669.27,0.0,False,0.0,16.65,0.0
POL0000678,WL,65.3,M,1116000.0,33.7,72916.48,10436.17,83352.65,0.0,83352.65,True,83352.65,14.31,0.0
POL0000679,ENDOW,38.9,M,756000.0,9.0,67929.98,6928.86,74858.84,0.0,74858.84,True,74858.84,10.2,0.0
POL0000680,WL,51.0,F,309000.0,48.0,-6081.12,927.37,-5153.75,5153.75,0.0,False,0.0,15.25,0.0
POL0000681,TERM,26.8,M,808000.0,7.0,-29257.19,4432.46,-24824.73,24824.73,0.0,False,0.0,15.15,0.0
POL0000682,WL,55.3,M,980000.0,43.7,-15204.54,2271.18,-12933.36,12933.36,0.0,False,0.0,14.94,0.0
POL0000683,TERM,53.1,M,1626000.0,6.0,3857.92,581.58,4439.5,0.0,4439.5,True,4439.5,15.07,0.0
POL0000684,TERM,49.8,M,1811000.0,14.0,32521.16,5097.69,37618.85,0.0,37618.85,True,37618.85,15.67,0.0
POL0000685,ENDOW,47.8,M,1945000.0,16.0,712473.25,75165.93,787639.18,0.0,787639.18,True,787639.18,10.55,0.0
POL0000686,ENDOW,42.6,M,1052000.0,21.0,-177181.76,19135.63,-158046.13,158046.13,0.0,False,0.0,10.8,0.0
POL0000687,ENDOW,46.6,F,467000.0,15.0,-57427.6,6029.9,-51397.7,51397.7,0.0,False,0.0,10.5,0.0
POL0000688,ENDOW,29.5,M,2361000.0,20.0,-782596.42,84129.12,-698467.3,698467.3,0.0,False,0.0,10.75,0.0
POL0000690,TERM,39.5,F,269000.0,29.0,1841.01,309.29,2150.3,0.0,2150.3,True,2150.3,16.8,0.0
POL0000691,ENDOW,48.4,F,2320000.0,2.0,1503405.3,150340.53,1653745.83,0.0,1653745.83,True,1653745.83,10.0,0.0
POL0000692,TERM,32.3,F,3848000.0,17.0,-33029.74,5251.73,-27778.01,27778.01,0.0,False,0.0,15.9,0.0
POL0000693,TERM,42.4,F,1069000.0,3.0,-7621.9,1143.28,-6478.62,6478.62,0.0,False,0.0,15.0,0.0
POL0000694,TERM,35.4,F,3606000.0,14.0,-8568.12,1343.05,-7225.07,7225.07,-0.0,False,0.0,15.67,0.0
POL0000695,TERM,55.1,F,855000.0,23.0,88015.45,14390.53,102405.98,0.0,102405.98,True,102405.98,16.35,0.0
POL0000696,TERM,50.4,M,3056000.0,18.0,141656.64,22629.65,164286.29,0.0,164286.29,True,164286.29,15.97,0.0
POL0000697,TERM,44.6,F,4769000.0,13.0,37925.34,5916.35,43841.69,0.0,43841.69,True,43841.69,15.6,0.0
POL0000700,WL,32.8,M,698000.0,66.2,-80244.56,13039.74,-67204.82,67204.82,0.0,False,0.0,16.25,0.0
POL0000701,TERM,35.0,M,4826000.0,8.0,-99140.35,15094.12,-84046.23,84046.23,-0.0,False,0.0,15.22,0.0
POL0000702,WL,62.5,F,1361000.0,36.5,79168.03,11479.36,90647.39,0.0,90647.39,True,90647.39,14.5,0.0
POL0000703,TERM,60.8,M,1976000.0,8.0,103723.81,15791.95,119515.76,0.0,119515.76,True,119515.76,15.22,0.0
POL0000705,TERM,64.4,M,4433000.0,10.0,654019.93,100555.56,754575.49,0.0,754575.49,True,754575.49,15.37,0.0
POL0000708,TERM,20.5,M,886000.0,8.0,-20152.23,3068.18,-17084.05,17084.05,0.0,False,0.0,15.22,0.0
POL0000709,WL,35.7,M,1651000.0,63.3,-250791.74,40596.91,-210194.83,210194.83,0.0,False,0.0,16.19,0.0
POL0000710,WL,52.4,F,1169000.0,46.6,-82659.9,12502.31,-70157.59,70157.59,0.0,False,0.0,15.12,0.0
POL0000711,ENDOW,44.4,F,1240000.0,13.0,178125.52,18525.05,196650.57,0.0,196650.57,True,196650.57,10.4,0.0
POL0000712,TERM,47.5,F,2145000.0,12.0,-21163.28,3285.6,-17877.68,17877.68,0.0,False,0.0,15.52,0.0
POL0000713,WL,59.7,F,55000.0,39.3,875.61,128.61,1004.22,0.0,1004.22,True,1004.22,14.69,0.0
POL0000714,ENDOW,42.2,M,799000.0,10.0,87465.94,8965.26,96431.2,0.0,96431.2,True,96431.2,10.25,0.0
POL0000715,TERM,54.8,M,3988000.0,5.0,121696.07,18254.41,139950.48,0.0,139950.48,True,139950.48,15.0,0.0
POL0000717,TERM,45.9,M,4822000.0,20.0,-15682.11,2528.74,-13153.37,13153.37,0.0,False,0.0,16.12,0.0
POL0000718,TERM,53.5,F,1933000.0,22.0,127267.73,20712.82,147980.55,0.0,147980.55,True,147980.55,16.27,0.0
POL0000719,WL,59.2,M,1176000.0,39.8,56881.58,8354.48,65236.06,0.0,65236.06,True,65236.06,14.69,0.0
POL0000720,WL,32.9,M,1349000.0,66.1,-237341.96,38568.07,-198773.89,198773.89,0.0,False,0.0,16.25,0.0
POL0000722,TERM,33.7,M,3309000.0,10.0,-45992.44,7071.34,-38921.1,38921.1,-0.0,False,0.0,15.37,0.0
POL0000723,TERM,45.1,M,2343000.0,19.0,-24424.75,3920.17,-20504.58,20504.58,0.0,False,0.0,16.05,0.0
POL0000724,TERM,35.7,F,4524000.0,23.0,-139876.15,22869.75,-117006.4,117006.4,0.0,False,0.0,16.35,0.0
POL0000725,WL,57.2,M,598000.0,41.8,143139.53,21202.54,164342.07,0.0,164342.07,True,164342.07,14.81,0.0
POL0000727,WL,51.6,F,485000.0,47.4,-37308.84,5666.28,-31642.56,31642.56,0.0,False,0.0,15.19,0.0
POL0000728,TERM,43.6,F,3211000.0,19.0,32209.1,5169.56,37378.66,0.0,37378.66,True,37378.66,16.05,0.0
POL0000729,TERM,33.8,F,3462000.0,7.0,-60498.13,9165.47,-51332.66,51332.66,0.0,False,0.0,15.15,0.0
POL0000730,WL,48.1,F,671000.0,50.9,214942.85,33047.46,247990.31,0.0,247990.31,True,247990.31,15.38,0.0
POL0000731,WL,70.5,M,453000.0,28.5,180019.64,25202.75,205222.39,0.0,205222.39,True,205222.39,14.0,0.0
POL0000732,WL,19.6,M,708000.0,79.4,-211007.78,34288.76,-176719.02,176719.02,0.0,False,0.0,16.25,0.0
POL0000733,TERM,34.3,M,2585000.0,4.0,-15086.42,2262.96,-12823.46,12823.46,0.0,False,0.0,15.0,0.0
POL0000734,WL,48.1,M,434000.0,50.9,-23133.17,3556.72,-19576.45,19576.45,0.0,False,0.0,15.38,0.0
POL0000735,TERM,28.6,M,1003000.0,12.0,-25684.97,3987.59,-21697.38,21697.38,0.0,False,0.0,15.52,0.0
POL0000736,TERM,44.9,M,4856000.0,5.0,19741.44,2961.22,22702.66,0.0,22702.66,True,22702.66,15.0,0.0
POL0000737,TERM,48.4,M,3330000.0,15.0,-24875.24,3917.85,-20957.39,20957.39,-0.0,False,0.0,15.75,0.0
POL0000738,WL,42.6,F,645000.0,56.4,216511.19,34100.51,250611.7,0.0,250611.7,True,250611.7,15.75,0.0
POL0000740,ENDOW,28.2,M,1213000.0,20.0,-241152.31,25923.87,-215228.44,215228.44,0.0,False,0.0,10.75,0.0
POL0000741,TERM,32.4,M,2831000.0,25.0,-5010.58,826.75,-4183.83,4183.83,0.0,False,0.0,16.5,0.0
POL0000742,TERM,49.1,F,3027000.0,5.0,-21633.14,3244.97,-18388.17,18388.17,0.0,False,0.0,15.0,0.0
POL0000744,TERM,43.5,F,2600000.0,2.0,-1449.74,217.46,-1232.28,1232.28,0.0,False,0.0,15.0,0.0
POL0000745,WL,46.7,M,1686000.0,52.3,-211880.53,32841.48,-179039.05,179039.05,0.0,False,0.0,15.5,0.0
POL0000747,TERM,34.5,M,1238000.0,21.0,-16761.71,2715.4,-14046.31,14046.31,0.0,False,0.0,16.2,0.0
POL0000748,WL,46.8,M,1196000.0,52.2,318615.95,49385.47,368001.42,0.0,368001.42,True,368001.42,15.5,0.0
POL0000749,WL,44.6,F,431000.0,54.4,-67316.46,10518.2,-56798.26,56798.26,-0.0,False,0.0,15.62,0.0
POL0000750,TERM,26.7,F,2997000.0,15.0,-101311.61,15956.58,-85355.03,85355.03,0.0,False,0.0,15.75,0.0
POL0000751,TERM,46.6,M,2112000.0,16.0,59543.91,9422.82,68966.73,0.0,68966.73,True,68966.73,15.82,0.0
POL0000752,WL,38.8,F,1822000.0,60.2,-344686.82,55149.89,-289536.93,289536.93,0.0,False,0.0,16.0,0.0
POL0000753,WL,33.8,F,1111000.0,65.2,-164679.99,26760.5,-137919.49,137919.49,0.0,False,0.0,16.25,0.0
POL0000754,ENDOW,38.1,M,1375000.0,2.0,828916.45,82891.64,911808.09,0.0,911808.09,True,911808.09,10.0,0.0
POL0000755,ENDOW,33.3,M,421000.0,12.0,-58357.61,6040.01,-52317.6,52317.6,0.0,False,0.0,10.35,0.0
POL0000756,TERM,69.0,M,319000.0,7.0,42265.91,6403.29,48669.2,0.0,48669.2,True,48669.2,15.15,0.0
POL0000757,TERM,17.5,M,228000.0,15.0,-11888.8,1872.49,-10016.31,10016.31,0.0,False,0.0,15.75,0.0
POL0000758,TERM,39.5,F,4695000.0,23.0,-37929.86,6201.53,-31728.33,31728.33,0.0,False,0.0,16.35,0.0
POL0000759,WL,31.6,M,868000.0,67.4,-131611.21,21386.82,-110224.39,110224.39,0.0,False,0.0,16.25,0.0
POL0000760,ENDOW,44.9,F,1684000.0,17.0,-356646.41,37804.52,-318841.89,318841.89,0.0,False,0.0,10.6,0.0
POL0000761,TERM,60.1,M,1111000.0,22.0,169188.95,27535.5,196724.45,0.0,196724.45,True,196724.45,16.27,0.0
POL0000762,ENDOW,67.1,F,761000.0,8.0,185459.81,18824.17,204283.98,0.0,204283.98,True,204283.98,10.15,0.0
POL0000763,TERM,49.5,F,1092000.0,9.0,-20955.26,3206.15,-17749.11,17749.11,0.0,False,0.0,15.3,0.0
POL0000764,ENDOW,46.8,F,1206000.0,4.0,503355.79,50335.58,553691.37,0.0,553691.37,True,553691.37,10.0,0.0
POL0000766,WL,35.2,M,93000.0,63.8,-4931.01,798.21,-4132.8,4132.8,0.0,False,0.0,16.19,0.0
POL0000767,TERM,37.4,M,4869000.0,14.0,-108857.61,17063.43,-91794.18,91794.18,0.0,False,0.0,15.67,0.0
POL0000768,WL,32.2,M,1578000.0,66.8,-312119.95,50719.49,-261400.46,261400.46,-0.0,False,0.0,16.25,0.0
POL0000770,TERM,18.8,M,1886000.0,24.0,-25214.01,4141.4,-21072.61,21072.61,0.0,False,0.0,16.42,0.0
POL0000771,TERM,52.9,M,3470000.0,6.0,3261.32,491.64,3752.96,0.0,3752.96,True,3752.96,15.07,0.0
POL0000772,TERM,55.2,F,4826000.0,1.0,12014.32,1802.15,13816.47,0.0,13816.47,True,13816.47,15.0,0.0
POL0000773,ENDOW,53.0,F,1296000.0,7.0,239622.99,24201.92,263824.91,0.0,263824.91,True,263824.91,10.1,0.0
POL0000775,TERM,43.8,F,112000.0,2.0,-241.64,36.25,-205.39,205.39,0.0,False,0.0,15.0,0.0
POL0000776,WL,52.3,M,773000.0,46.7,-56320.04,8518.41,-47801.63,47801.63,-0.0,False,0.0,15.12,0.0
POL0000777,TERM,27.3,M,1599000.0,15.0,-9607.8,1513.23,-8094.57,8094.57,0.0,False,0.0,15.75,0.0
POL0000778,TERM,63.0,F,2431000.0,12.0,139847.78,21711.37,161559.15,0.0,161559.15,True,161559.15,15.52,0.0
POL0000779,ENDOW,54.9,M,533000.0,16.0,-63047.1,6651.47,-56395.63,56395.63,0.0,False,0.0,10.55,0.0
POL0000780,WL,48.4,M,1813000.0,50.6,-126363.37,19428.37,-106935.0,106935.0,0.0,False,0.0,15.38,0.0
POL0000782,TERM,40.1,M,1109000.0,16.0,-17899.11,2832.53,-15066.58,15066.58,0.0,False,0.0,15.82,0.0
POL0000783,TERM,42.1,M,1632000.0,1.0,-2697.78,404.67,-2293.11,2293.11,0.0,False,0.0,15.0,0.0
POL0000786,WL,62.3,M,223000.0,36.7,34170.3,4954.69,39124.99,0.0,39124.99,True,39124.99,14.5,0.0
POL0000788,ENDOW,42.3,F,1290000.0,4.0,427619.26,42761.93,470381.19,0.0,470381.19,True,470381.19,10.0,0.0
POL0000789,TERM,42.7,M,3432000.0,6.0,-67976.52,10247.46,-57729.06,57729.06,-0.0,False,0.0,15.07,0.0
POL0000790,ENDOW,53.5,M,1984000.0,10.0,296126.03,30352.92,326478.95,0.0,326478.95,True,326478.95,10.25,0.0
POL0000791,WL,45.6,M,1069000.0,53.4,-4806.2,747.96,-4058.24,4058.24,0.0,False,0.0,15.56,0.0
POL0000792,TERM,54.3,M,4072000.0,4.0,61755.28,9263.29,71018.57,0.0,71018.57,True,71018.57,15.0,0.0
POL0000793,ENDOW,50.4,F,661000.0,5.0,314855.1,31485.51,346340.61,0.0,346340.61,True,346340.61,10.0,0.0
POL0000794,TERM,40.0,F,190000.0,22.0,3352.48,545.62,3898.1,0.0,3898.1,True,3898.1,16.27,0.0
POL0000795,WL,44.6,M,612000.0,54.4,244644.61,38225.72,282870.33,0.0,282870.33,True,282870.33,15.62,0.0
POL0000796,ENDOW,49.2,M,1129000.0,8.0,129384.34,13132.51,142516.85,0.0,142516.85,True,142516.85,10.15,0.0
POL0000797,WL,38.8,F,124000.0,60.2,-25798.66,4127.79,-21670.87,21670.87,0.0,False,0.0,16.0,0.0
POL0000798,ENDOW,57.4,M,72000.0,11.0,1018.64,104.92,1123.56,0.0,1123.56,True,1123.56,10.3,0.0
POL0000799,WL,43.2,F,1317000.0,55.8,-160978.66,25253.53,-135725.13,135725.13,0.0,False,0.0,15.69,0.0
POL0000801,WL,41.8,F,830000.0,57.2,-75903.16,12002.19,-63900.97,63900.97,0.0,False,0.0,15.81,0.0
POL0000802,TERM,42.9,F,109000.0,15.0,1663.37,261.98,1925.35,0.0,1925.35,True,1925.35,15.75,0.0
POL0000803,WL,64.9,M,940000.0,34.1,256169.12,36824.31,292993.43,0.0,292993.43,True,292993.43,14.37,0.0
POL0000804,TERM,44.9,M,3345000.0,12.0,85008.67,13197.6,98206.27,0.0,98206.27,True,98206.27,15.52,0.0
POL0000805,TERM,38.7,F,3206000.0,9.0,-67023.91,10254.66,-56769.25,56769.25,0.0,False,0.0,15.3,0.0
POL0000807,WL,56.0,M,984000.0,43.0,21833.82,3261.43,25095.25,0.0,25095.25,True,25095.25,14.94,0.0
POL0000808,ENDOW,63.8,M,2070000.0,7.0,801352.07,80936.56,882288.63,0.0,882288.63,True,882288.63,10.1,0.0
POL0000809,ENDOW,55.9,M,1498000.0,9.0,245920.63,25083.9,271004.53,0.0,271004.53,True,271004.53,10.2,0.0
POL0000810,ENDOW,42.0,M,2082000.0,1.0,1578901.42,157890.14,1736791.56,0.0,1736791.56,True,1736791.56,10.0,0.0
POL0000811,TERM,34.1,F,3903000.0,9.0,-37359.54,5716.01,-31643.53,31643.53,0.0,False,0.0,15.3,0.0
POL0000812,TERM,48.0,F,4144000.0,6.0,-8371.05,1261.94,-7109.11,7109.11,0.0,False,0.0,15.07,0.0
POL0000813,TERM,46.8,M,1454000.0,17.0,60014.06,9542.24,69556.3,0.0,69556.3,True,69556.3,15.9,0.0
POL0000814,TERM,33.6,M,743000.0,3.0,-8181.37,1227.21,-6954.16,6954.16,0.0,False,0.0,15.0,0.0
POL0000816,TERM,53.0,M,2454000.0,2.0,10092.22,1513.83,11606.05,0.0,11606.05,True,11606.05,15.0,0.0
POL0000818,WL,57.5,M,318000.0,41.5,6988.07,1035.11,8023.18,0.0,8023.18,True,8023.18,14.81,0.0
POL0000819,WL,53.5,M,827000.0,45.5,307748.61,46354.63,354103.24,0.0,354103.24,True,354103.24,15.06,0.0
POL0000821,TERM,67.2,F,1232000.0,5.0,62167.29,9325.09,71492.38,0.0,71492.38,True,71492.38,15.0,0.0
POL0000822,TERM,36.9,F,2439000.0,11.0,-16775.75,2591.85,-14183.9,14183.9,0.0,False,0.0,15.45,0.0
POL0000824,ENDOW,42.0,M,2339000.0,16.0,-223797.65,23610.65,-200187.0,200187.0,0.0,False,0.0,10.55,0.0
POL0000825,ENDOW,50.4,F,2854000.0,11.0,-96948.55,9985.7,-86962.85,86962.85,0.0,False,0.0,10.3,0.0
POL0000826,WL,61.0,F,399000.0,38.0,55218.17,8041.15,63259.32,0.0,63259.32,True,63259.32,14.56,0.0
POL0000827,ENDOW,23.0,F,1203000.0,8.0,287253.63,29156.24,316409.87,0.0,316409.87,True,316409.87,10.15,0.0
POL0000828,ENDOW,32.9,F,1193000.0,13.0,-138521.92,14406.28,-124115.64,124115.64,-0.0,False,0.0,10.4,0.0
POL0000829,TERM,52.7,M,4386000.0,5.0,-2033.31,305.0,-1728.31,1728.31,0.0,False,0.0,15.0,0.0
POL0000830,TERM,56.6,M,3208000.0,16.0,139438.95,22066.21,161505.16,0.0,161505.16,True,161505.16,15.82,0.0
POL0000831,TERM,57.2,F,1299000.0,5.0,26464.3,3969.64,30433.94,0.0,30433.94,True,30433.94,15.0,0.0
POL0000832,TERM,53.2,F,4743000.0,2.0,4844.71,726.71,5571.42,0.0,5571.42,True,5571.42,15.0,0.0
POL0000833,WL,51.0,F,565000.0,48.0,50339.17,7645.26,57984.43,0.0,57984.43,True,57984.43,15.19,0.0
POL0000834,WL,57.8,M,966000.0,41.2,-28503.86,4222.13,-24281.73,24281.73,0.0,False,0.0,14.81,0.0
POL0000836,TERM,32.2,F,361000.0,8.0,-4308.34,655.94,-3652.4,3652.4,0.0,False,0.0,15.22,0.0
POL0000837,TERM,30.5,F,3288000.0,2.0,-28814.76,4322.21,-24492.55,24492.55,0.0,False,0.0,15.0,0.0
POL0000838,WL,46.6,M,673000.0,52.4,25985.52,4027.76,30013.28,0.0,30013.28,True,30013.28,15.5,0.0
POL0000839,TERM,42.3,M,3613000.0,9.0,-9060.92,1386.32,-7674.6,7674.6,0.0,False,0.0,15.3,0.0
POL0000840,WL,30.8,F,112000.0,68.2,-13140.26,2135.29,-11004.97,11004.97,-0.0,False,0.0,16.25,0.0
POL0000841,TERM,57.3,F,3247000.0,6.0,115268.38,17376.71,132645.09,0.0,132645.09,True,132645.09,15.07,0.0
POL0000843,TERM,43.8,F,4965000.0,14.0,-66977.82,10498.77,-56479.05,56479.05,0.0,False,0.0,15.67,0.0
POL0000845,TERM,36.4,M,3076000.0,6.0,4830.55,728.21,5558.76,0.0,5558.76,True,5558.76,15.07,0.0
POL0000846,TERM,56.8,F,4197000.0,3.0,11209.67,1681.45,12891.12,0.0,12891.12,True,12891.12,15.0,0.0
POL0000847,ENDOW,58.5,M,1829000.0,21.0,-181544.76,19606.83,-161937.93,161937.93,0.0,False,0.0,10.8,0.0
POL0000848,TERM,75.2,F,4111000.0,1.0,128835.98,19325.4,148161.38,0.0,148161.38,True,148161.38,15.0,0.0
POL0000849,TERM,31.2,M,4118000.0,17.0,-76392.0,12146.33,-64245.67,64245.67,0.0,False,0.0,15.9,0.0
POL0000850,TERM,62.6,M,2828000.0,1.0,26411.61,3961.74,30373.35,0.0,30373.35,True,30373.35,15.0,0.0
POL0000851,WL,55.4,F,1632000.0,43.6,-135007.51,20166.75,-114840.76,114840.76,-0.0,False,0.0,14.94,0.0
POL0000852,ENDOW,21.4,M,2561000.0,14.0,-241826.1,25270.83,-216555.27,216555.27,-0.0,False,0.0,10.45,0.0
POL0000853,TERM,49.9,F,559000.0,16.0,7996.51,1265.45,9261.96,0.0,9261.96,True,9261.96,15.82,0.0
POL0000854,TERM,45.8,F,4725000.0,14.0,-65992.98,10344.4,-55648.58,55648.58,0.0,False,0.0,15.67,0.0
POL0000855,TERM,28.3,M,2658000.0,14.0,-87007.01,13638.35,-73368.66,73368.66,0.0,False,0.0,15.67,0.0
POL0000856,TERM,49.2,M,2934000.0,10.0,40343.23,6202.77,46546.0,0.0,46546.0,True,46546.0,15.37,0.0
POL0000857,TERM,45.3,M,4523000.0,6.0,-22406.63,3377.8,-19028.83,19028.83,0.0,False,0.0,15.07,0.0
POL0000858,TERM,28.3,M,4927000.0,13.0,-189739.39,29599.34,-160140.05,160140.05,-0.0,False,0.0,15.6,0.0
POL0000859,TERM,32.0,M,2870000.0,1.0,-7008.87,1051.33,-5957.54,5957.54,0.0,False,0.0,15.0,0.0
POL0000860,TERM,61.2,M,2140000.0,19.0,861707.46,138304.05,1000011.51,0.0,1000011.51,True,1000011.51,16.05,0.0
POL0000861,TERM,48.9,M,3943000.0,29.0,60354.58,10139.57,70494.15,0.0,70494.15,True,70494.15,16.8,0.0
POL0000863,TERM,48.0,M,1547000.0,19.0,61196.01,9821.96,71017.97,0.0,71017.97,True,71017.97,16.05,0.0
POL0000864,TERM,30.2,M,1780000.0,10.0,-67291.16,10346.02,-56945.14,56945.14,0.0,False,0.0,15.37,0.0
POL0000865,ENDOW,63.7,M,2132000.0,6.0,1013543.01,101861.07,1115404.08,0.0,1115404.08,True,1115404.08,10.05,0.0
POL0000866,ENDOW,47.4,F,1883000.0,14.0,354260.57,37020.23,391280.8,0.0,391280.8,True,391280.8,10.45,0.0
POL0000867,ENDOW,38.9,F,573000.0,15.0,71778.21,7536.71,79314.92,0.0,79314.92,True,79314.92,10.5,0.0
POL0000868,TERM,39.2,M,884000.0,2.0,-447.74,67.16,-380.58,380.58,-0.0,False,0.0,15.0,0.0
POL0000869,WL,31.8,M,76000.0,67.2,4865.63,790.66,5656.29,0.0,5656.29,True,5656.29,16.25,0.0
POL0000870,TERM,52.4,F,941000.0,9.0,-5731.99,876.99,-4855.0,4855.0,0.0,False,0.0,15.3,0.0
POL0000871,WL,42.3,M,966000.0,56.7,-65557.67,10325.33,-55232.34,55232.34,0.0,False,0.0,15.75,0.0
POL0000872,WL,41.7,M,1331000.0,57.3,-114206.62,18058.92,-96147.7,96147.7,0.0,False,0.0,15.81,0.0
POL0000873,TERM,39.8,F,2928000.0,8.0,-89454.37,13619.43,-75834.94,75834.94,0.0,False,0.0,15.22,0.0
POL0000874,TERM,45.8,F,4917000.0,20.0,-45917.51,7404.2,-38513.31,38513.31,-0.0,False,0.0,16.12,0.0
POL0000875,WL,35.8,F,1642000.0,63.2,-359883.59,58256.16,-301627.43,301627.43,-0.0,False,0.0,16.19,0.0
POL0000876,ENDOW,58.0,F,1040000.0,1.0,802350.22,80235.02,882585.24,0.0,882585.24,True,882585.24,10.0,0.0
POL0000877,TERM,37.0,M,1275000.0,6.0,-21930.51,3306.02,-18624.49,18624.49,0.0,False,0.0,15.07,0.0
POL0000878,WL,46.6,F,1353000.0,52.4,-146540.24,22713.74,-123826.5,123826.5,0.0,False,0.0,15.5,0.0
POL0000880,TERM,59.6,F,370000.0,14.0,22153.87,3472.62,25626.49,0.0,25626.49,True,25626.49,15.67,0.0
POL0000881,TERM,57.5,M,1110000.0,6.0,31680.25,4775.8,36456.05,0.0,36456.05,True,36456.05,15.07,0.0
POL0000882,WL,38.2,M,1899000.0,60.8,-3201.86,512.3,-2689.56,2689.56,-0.0,False,0.0,16.0,0.0
POL0000883,TERM,42.4,M,4025000.0,16.0,-32830.9,5195.49,-27635.41,27635.41,-0.0,False,0.0,15.82,0.0
POL0000884,ENDOW,53.7,F,514000.0,1.0,400159.22,40015.92,440175.14,0.0,440175.14,True,440175.14,10.0,0.0
POL0000885,TERM,57.3,F,1888000.0,5.0,46798.67,7019.8,53818.47,0.0,53818.47,True,53818.47,15.0,0.0
POL0000887,ENDOW,23.7,F,524000.0,18.0,162109.65,17264.68,179374.33,0.0,179374.33,True,179374.33,10.65,0.0
POL0000888,WL,49.7,F,1270000.0,49.3,90008.29,13782.52,103790.81,0.0,103790.81,True,103790.81,15.31,0.0
POL0000890,WL,55.2,M,212000.0,43.8,10617.39,1585.97,12203.36,0.0,12203.36,True,12203.36,14.94,0.0
POL0000892,WL,38.6,M,1074000.0,60.4,-142312.82,22770.05,-119542.77,119542.77,0.0,False,0.0,16.0,0.0
POL0000893,TERM,39.5,M,3405000.0,10.0,-3573.26,549.39,-3023.87,3023.87,-0.0,False,0.0,15.37,0.0
POL0000894,WL,38.5,M,1283000.0,60.5,-172433.0,27589.28,-144843.72,144843.72,0.0,False,0.0,16.0,0.0
POL0000895,TERM,42.6,F,3594000.0,9.0,9779.01,1496.19,11275.2,0.0,11275.2,True,11275.2,15.3,0.0
POL0000896,WL,60.7,F,240000.0,38.3,17235.39,2520.68,19756.07,0.0,19756.07,True,19756.07,14.62,0.0
POL0000898,ENDOW,35.8,M,1918000.0,14.0,53576.29,5598.72,59175.01,0.0,59175.01,True,59175.01,10.45,0.0
POL0000899,WL,51.4,F,1902000.0,47.6,26910.88,4087.09,30997.97,0.0,30997.97,True,30997.97,15.19,0.0
POL0000900,WL,66.5,F,677000.0,32.5,113172.2,16127.04,129299.24,0.0,129299.24,True,129299.24,14.25,0.0
POL0000901,TERM,53.7,F,594000.0,11.0,19919.64,3077.58,22997.22,0.0,22997.22,True,22997.22,15.45,0.0
POL0000904,ENDOW,44.0,F,1792000.0,11.0,111427.76,11477.06,122904.82,0.0,122904.82,True,122904.82,10.3,0.0
POL0000905,ENDOW,43.8,M,2578000.0,5.0,850842.13,85084.21,935926.34,0.0,935926.34,True,935926.34,10.0,0.0
POL0000906,TERM,53.4,M,2181000.0,20.0,95971.81,15475.45,111447.26,0.0,111447.26,True,111447.26,16.12,0.0
POL0000908,TERM,47.0,M,139000.0,7.0,322.55,48.87,371.42,0.0,371.42,True,371.42,15.15,0.0
POL0000909,ENDOW,57.3,M,930000.0,9.0,1100.88,112.29,1213.17,0.0,1213.17,True,1213.17,10.2,0.0
POL0000910,TERM,56.5,M,2601000.0,16.0,231678.38,36663.1,268341.48,0.0,268341.48,True,268341.48,15.82,0.0
POL0000911,ENDOW,39.3,F,2681000.0,14.0,489854.71,51189.82,541044.53,0.0,541044.53,True,541044.53,10.45,0.0
POL0000912,TERM,61.3,M,3710000.0,2.0,53857.37,8078.61,61935.98,0.0,61935.98,True,61935.98,15.0,0.0
POL0000913,TERM,44.2,M,2769000.0,11.0,20751.6,3206.12,23957.72,0.0,23957.72,True,23957.72,15.45,0.0
POL0000914,TERM,33.7,M,2633000.0,14.0,-25473.94,3993.04,-21480.9,21480.9,0.0,False,0.0,15.67,0.0
POL0000915,TERM,47.3,M,3080000.0,14.0,73814.05,11570.35,85384.4,0.0,85384.4,True,85384.4,15.67,0.0
POL0000916,WL,29.3,F,1396000.0,69.7,-242982.45,39484.65,-203497.8,203497.8,-0.0,False,0.0,16.25,0.0
POL0000917,WL,37.9,M,102000.0,61.1,-4592.73,737.71,-3855.02,3855.02,0.0,False,0.0,16.06,0.0
POL0000918,WL,51.4,M,1824000.0,47.6,-44782.94,6801.41,-37981.53,37981.53,0.0,False,0.0,15.19,0.0
POL0000919,WL,29.1,F,969000.0,69.9,-201806.69,32793.59,-169013.1,169013.1,0.0,False,0.0,16.25,0.0
POL0000920,WL,46.1,M,810000.0,52.9,-515.45,79.89,-435.56,435.56,-0.0,False,0.0,15.5,0.0
POL0000921,TERM,53.1,M,3102000.0,16.0,152725.18,24168.76,176893.94,0.0,176893.94,True,176893.94,15.82,0.0
POL0000922,TERM,40.4,M,914000.0,24.0,63587.51,10444.25,74031.76,0.0,74031.76,True,74031.76,16.42,0.0
POL0000923,TERM,43.2,M,1832000.0,2.0,549.16,82.37,631.53,0.0,631.53,True,631.53,15.0,0.0
POL0000924,ENDOW,47.9,F,1745000.0,7.0,764515.32,77216.05,841731.37,0.0,841731.37,True,841731.37,10.1,0.0
POL0000925,WL,57.3,F,490000.0,41.7,-10823.71,1603.26,-9220.45,9220.45,0.0,False,0.0,14.81,0.0
POL0000926,WL,27.9,F,260000.0,71.1,-52657.66,8556.87,-44100.79,44100.79,0.0,False,0.0,16.25,0.0
POL0000927,WL,47.7,M,449000.0,51.3,-22172.61,3422.9,-18749.71,18749.71,0.0,False,0.0,15.44,0.0
POL0000929,TERM,35.3,M,4525000.0,26.0,-150771.21,24990.33,-125780.88,125780.88,0.0,False,0.0,16.57,0.0
POL0000930,TERM,57.2,F,4972000.0,11.0,205376.38,31730.65,237107.03,0.0,237107.03,True,237107.03,15.45,0.0
POL0000931,TERM,32.9,M,801000.0,7.0,-914.34,138.52,-775.82,775.82,0.0,False,0.0,15.15,0.0
POL0000932,TERM,68.6,M,1750000.0,15.0,512609.61,80736.01,593345.62,0.0,593345.62,True,593345.62,15.75,0.0
POL0000933,TERM,52.3,M,3077000.0,14.0,176869.02,27724.22,204593.24,0.0,204593.24,True,204593.24,15.67,0.0
POL0000934,TERM,37.6,M,2289000.0,13.0,-6469.37,1009.22,-5460.15,5460.15,0.0,False,0.0,15.6,0.0
POL0000935,WL,55.8,M,356000.0,43.2,-10581.34,1580.59,-9000.75,9000.75,0.0,False,0.0,14.94,0.0
POL0000936,WL,31.9,M,251000.0,67.1,-38856.84,6314.24,-32542.6,32542.6,0.0,False,0.0,16.25,0.0
POL0000937,TERM,30.1,M,4636000.0,1.0,-28083.59,4212.54,-23871.05,23871.05,0.0,False,0.0,15.0,0.0
POL0000938,WL,60.0,M,1798000.0,39.0,86701.84,12734.33,99436.17,0.0,99436.17,True,99436.17,14.69,0.0
POL0000939,WL,51.1,M,885000.0,47.9,-56377.23,8562.29,-47814.94,47814.94,0.0,False,0.0,15.19,0.0
POL0000940,TERM,53.9,F,2002000.0,9.0,21930.53,3355.37,25285.9,0.0,25285.9,True,25285.9,15.3,0.0
POL0000941,WL,40.9,F,480000.0,58.1,144837.34,22992.93,167830.27,0.0,167830.27,True,167830.27,15.88,0.0
POL0000942,TERM,36.5,F,3619000.0,4.0,-43145.77,6471.87,-36673.9,36673.9,0.0,False,0.0,15.0,0.0
POL0000943,ENDOW,46.9,F,1516000.0,7.0,307586.34,31066.22,338652.56,0.0,338652.56,True,338652.56,10.1,0.0
POL0000944,WL,53.3,M,503000.0,45.7,193410.43,29132.45,222542.88,0.0,222542.88,True,222542.88,15.06,0.0
POL0000945,TERM,33.2,M,1929000.0,3.0,-12701.81,1905.27,-10796.54,10796.54,0.0,False,0.0,15.0,0.0
POL0000947,ENDOW,44.7,M,1477000.0,17.0,-227914.7,24158.96,-203755.74,203755.74,-0.0,False,0.0,10.6,0.0
POL0000948,TERM,56.2,M,1676000.0,3.0,33041.41,4956.21,37997.62,0.0,37997.62,True,37997.62,15.0,0.0
POL0000949,WL,38.4,M,713000.0,60.6,-61056.44,9769.03,-51287.41,51287.41,0.0,False,0.0,16.0,0.0
POL0000950,WL,38.4,M,1101000.0,60.6,77832.77,12453.24,90286.01,0.0,90286.01,True,90286.01,16.0,0.0
POL0000951,TERM,41.8,M,1178000.0,24.0,51526.34,8463.2,59989.54,0.0,59989.54,True,59989.54,16.42,0.0
POL0000952,ENDOW,44.9,F,312000.0,3.0,169164.96,16916.5,186081.46,0.0,186081.46,True,186081.46,10.0,0.0
POL0000953,TERM,41.0,M,4613000.0,7.0,-81239.42,12307.77,-68931.65,68931.65,0.0,False,0.0,15.15,0.0
POL0000954,TERM,66.5,M,2607000.0,6.0,210658.31,31756.74,242415.05,0.0,242415.05,True,242415.05,15.07,0.0
POL0000955,WL,30.1,F,50000.0,68.9,-8622.24,1401.11,-7221.13,7221.13,0.0,False,0.0,16.25,0.0
POL0000956,WL,40.2,F,194000.0,58.8,-15406.14,2445.72,-12960.42,12960.42,0.0,False,0.0,15.88,0.0
POL0000957,TERM,32.2,F,968000.0,6.0,-12847.32,1936.73,-10910.59,10910.59,0.0,False,0.0,15.07,0.0
POL0000959,WL,44.5,M,783000.0,54.5,181282.67,28325.42,209608.09,0.0,209608.09,True,209608.09,15.62,0.0
POL0000960,TERM,55.2,M,3973000.0,3.0,17989.01,2698.35,20687.36,0.0,20687.36,True,20687.36,15.0,0.0
POL0000962,ENDOW,36.5,F,950000.0,10.0,18430.99,1889.18,20320.17,0.0,20320.17,True,20320.17,10.25,0.0
POL0000964,WL,58.0,M,102000.0,41.0,53980.0,7962.05,61942.05,0.0,61942.05,True,61942.05,14.75,0.0
POL0000965,TERM,42.6,M,2677000.0,23.0,-8648.27,1413.99,-7234.28,7234.28,-0.0,False,0.0,16.35,0.0
POL0000966,TERM,47.1,M,2823000.0,2.0,4098.64,614.8,4713.44,0.0,4713.44,True,4713.44,15.0,0.0
POL0000967,TERM,26.4,F,4766000.0,21.0,-249115.83,40356.76,-208759.07,208759.07,0.0,False,0.0,16.2,0.0
POL0000968,ENDOW,36.6,M,1441000.0,18.0,-134726.49,14348.37,-120378.12,120378.12,0.0,False,0.0,10.65,0.0
POL0000969,ENDOW,44.5,M,277000.0,20.0,-69457.16,7466.64,-61990.52,61990.52,-0.0,False,0.0,10.75,0.0
POL0000970,TERM,28.7,M,3902000.0,13.0,-44230.44,6899.95,-37330.49,37330.49,-0.0,False,0.0,15.6,0.0
POL0000971,WL,48.7,M,651000.0,50.3,-43535.07,6693.52,-36841.55,36841.55,0.0,False,0.0,15.38,0.0
POL0000973,WL,31.8,F,1312000.0,67.2,-139587.85,22683.03,-116904.82,116904.82,0.0,False,0.0,16.25,0.0
POL0000974,TERM,31.2,F,3654000.0,18.0,-50828.96,8119.93,-42709.03,42709.03,0.0,False,0.0,15.97,0.0
POL0000975,TERM,60.5,M,119000.0,15.0,14564.7,2293.94,16858.64,0.0,16858.64,True,16858.64,15.75,0.0
POL0000976,TERM,59.3,F,1590000.0,11.0,54476.85,8416.67,62893.52,0.0,62893.52,True,62893.52,15.45,0.0
POL0000977,TERM,62.0,M,4487000.0,20.0,663684.33,107019.1,770703.43,0.0,770703.43,True,770703.43,16.12,0.0
POL0000978,TERM,51.4,F,179000.0,1.0,404.63,60.69,465.32,0.0,465.32,True,465.32,15.0,0.0
POL0000979,TERM,31.2,M,4191000.0,2.0,-9242.97,1386.45,-7856.52,7856.52,0.0,False,0.0,15.0,0.0
POL0000981,TERM,45.2,M,4512000.0,11.0,20874.79,3225.16,24099.95,0.0,24099.95,True,24099.95,15.45,0.0
POL0000982,TERM,42.6,M,3805000.0,15.0,28540.0,4495.05,33035.05,0.0,33035.05,True,33035.05,15.75,0.0
POL0000984,TERM,46.7,M,3297000.0,8.0,-10972.18,1670.51,-9301.67,9301.67,0.0,False,0.0,15.22,0.0
POL0000985,WL,66.3,M,1562000.0,32.7,762906.03,108714.11,871620.14,0.0,871620.14,True,871620.14,14.25,0.0
POL0000987,ENDOW,45.1,M,2536000.0,8.0,786806.08,79860.82,866666.9,0.0,866666.9,True,866666.9,10.15,0.0
POL0000988,TERM,28.1,F,2888000.0,19.0,-81063.11,13010.63,-68052.48,68052.48,0.0,False,0.0,16.05,0.0
POL0000989,TERM,48.4,M,2135000.0,8.0,30007.57,4568.65,34576.22,0.0,34576.22,True,34576.22,15.22,0.0
POL0000990,TERM,47.9,F,3120000.0,15.0,-645.51,101.67,-543.84,543.84,0.0,False,0.0,15.75,0.0
POL0000991,ENDOW,55.6,F,400000.0,1.0,303239.05,30323.9,333562.95,0.0,333562.95,True,333562.95,10.0,0.0
POL0000992,TERM,52.8,F,1580000.0,9.0,10458.67,1600.18,12058.85,0.0,12058.85,True,12058.85,15.3,0.0
POL0000993,ENDOW,37.7,F,238000.0,7.0,33443.68,3377.81,36821.49,0.0,36821.49,True,36821.49,10.1,0.0
POL0000994,WL,54.9,F,1791000.0,44.1,275698.69,41354.8,317053.49,0.0,317053.49,True,317053.49,15.0,0.0
POL0000995,ENDOW,22.8,F,833000.0,20.0,-241329.91,25942.97,-215386.94,215386.94,0.0,False,0.0,10.75,0.0
POL0000997,WL,42.8,M,250000.0,56.2,-24752.77,3898.56,-20854.21,20854.21,0.0,False,0.0,15.75,0.0
POL0000998,WL,57.7,M,885000.0,41.3,70757.93,10481.02,81238.95,0.0,81238.95,True,81238.95,14.81,0.0
POL0000999,WL,37.7,F,1972000.0,61.3,-197123.2,31662.91,-165460.29,165460.29,0.0,False,0.0,16.06,0.0
POL0001000,TERM,42.2,M,3845000.0,5.0,575.88,86.38,662.26,0.0,662.26,True,662.26,15.0,0.0
